1.000000000000000000e+00,9.486801725954676634e-01,9.594165537421154299e-01,9.105883234076103117e-01,9.453315151857006882e-01,9.165620565096714856e-01
1.000000000000000000e+00,9.592800427314823741e-01,1.080963867693374381e+00,1.098509441571785095e+00,1.071720237659609554e+00,1.001733092538342973e+00
1.000000000000000000e+00,1.043486455315790318e+00,1.108505329721169330e+00,1.112085030669028862e+00,1.241988309208131191e+00,1.093203861664588050e+00
1.000000000000000000e+00,9.961592106597559892e-01,1.039885573852775913e+00,1.020461492280934301e+00,9.661840332021575106e-01,9.629164247739921967e-01
1.000000000000000000e+00,1.078072682584158892e+00,1.062769089927722233e+00,1.115444387938357318e+00,1.190593789935431746e+00,1.193477912540823693e+00
1.000000000000000000e+00,1.050590386199195647e+00,1.189747028954289521e+00,1.222170385911511614e+00,1.233762345123234239e+00,1.251710804046487713e+00
1.000000000000000000e+00,9.607251362734882116e-01,9.091027576016159628e-01,8.748803443417448866e-01,8.612235587947767446e-01,9.083960786357262451e-01
1.000000000000000000e+00,1.048169328259602295e+00,9.891688944125573979e-01,9.532731514931275241e-01,9.396495407126299604e-01,8.511552470480222565e-01
1.000000000000000000e+00,9.949097790313573553e-01,1.049337175595397520e+00,9.905002905488634601e-01,1.039235276582057832e+00,1.062495321256986536e+00
1.000000000000000000e+00,9.679233956563291219e-01,1.007032265633725387e+00,1.006712600671453073e+00,1.005985940593258965e+00,9.921140580023709576e-01
1.000000000000000000e+00,9.314144393783161391e-01,8.824780854827459775e-01,9.193311844320501969e-01,7.995241674457315151e-01,7.502919600963225966e-01
1.000000000000000000e+00,9.796351163739527301e-01,9.950764160879717046e-01,9.186116952367757715e-01,8.601984007934460053e-01,8.145937855065888966e-01
1.000000000000000000e+00,9.971512097245358586e-01,1.055224374079858585e+00,1.095997131009001535e+00,1.091604545842377538e+00,1.120791809348008261e+00
1.000000000000000000e+00,1.117069485832746789e+00,1.105668133615642423e+00,1.049524822404450664e+00,1.031857007240254642e+00,1.090655374417693668e+00
1.000000000000000000e+00,1.007305637313006264e+00,9.058134115690958943e-01,9.202855509328944361e-01,8.605601668470251875e-01,9.090514176665349666e-01
1.000000000000000000e+00,9.292697632644930650e-01,8.634696563099266697e-01,9.001619309712078909e-01,9.772894901711041138e-01,1.002788786859002190e+00
1.000000000000000000e+00,1.008559032778685971e+00,9.860417168354926876e-01,1.057149498162490042e+00,1.236875202986137401e+00,1.228407421270074185e+00
1.000000000000000000e+00,1.011632079581979760e+00,1.041488979462724229e+00,1.019362600121891616e+00,1.085958915074088926e+00,1.217982370309860007e+00
1.000000000000000000e+00,8.560486425671584021e-01,9.042526672195381199e-01,8.598675413181781080e-01,9.013443795590778684e-01,9.868576800624053735e-01
1.000000000000000000e+00,9.201692810913416620e-01,9.514034222051973577e-01,9.619041854939468505e-01,9.187332665993487302e-01,9.207492957394916022e-01
1.000000000000000000e+00,1.000472219841695320e+00,1.035523272024675201e+00,1.129908789154541182e+00,9.548093559477045522e-01,9.783817374222411045e-01
1.000000000000000000e+00,8.853002056676037013e-01,8.365231662859347050e-01,7.227768873299807995e-01,7.870380309960406384e-01,7.358958269753285153e-01
1.000000000000000000e+00,1.025763537973072959e+00,1.018033818525026168e+00,9.772896948677118889e-01,9.610300972296431654e-01,9.168739713013520642e-01
1.000000000000000000e+00,1.028347760254596732e+00,1.060706212244376667e+00,1.098242110867892363e+00,1.174140060696185595e+00,1.178837422251256317e+00
1.000000000000000000e+00,1.039440370957026571e+00,9.291796657886005617e-01,8.904987557588442959e-01,8.497044694288879985e-01,8.225105961158210022e-01
1.000000000000000000e+00,1.113124625062956730e+00,1.276378182104590309e+00,1.426334052867124003e+00,1.534770902553798333e+00,1.506760902904410226e+00
1.000000000000000000e+00,9.909183872113416225e-01,1.039786363348081499e+00,1.058273659183375015e+00,1.048559811959172361e+00,1.014055070493422139e+00
1.000000000000000000e+00,9.791926400458085267e-01,1.028803966684005422e+00,1.015545167936122262e+00,9.420214792871999254e-01,1.012450680790736968e+00
1.000000000000000000e+00,9.657813972342351727e-01,1.018151234082787848e+00,1.031828160213133172e+00,1.045246510285459118e+00,1.204846622246676491e+00
1.000000000000000000e+00,1.116180103566007276e+00,1.201637834682988792e+00,1.326258433817830484e+00,1.271005668062477278e+00,1.401954464535164036e+00
1.000000000000000000e+00,1.042162649554108977e+00,1.026852533663986211e+00,1.122981360243042293e+00,1.118661238952502135e+00,1.223138389718849472e+00
1.000000000000000000e+00,1.029141264743797191e+00,1.066582020851872814e+00,1.023134419969679465e+00,1.128591513176183225e+00,1.024454094434482876e+00
1.000000000000000000e+00,1.017005393596065899e+00,1.011002108381258369e+00,9.739623707803928276e-01,9.288476434575628771e-01,9.508216577742488740e-01
1.000000000000000000e+00,9.118475367765375150e-01,8.601958058503960114e-01,8.389942329563714329e-01,8.499589359687181878e-01,8.103143829393725239e-01
1.000000000000000000e+00,1.022060727411903125e+00,1.034363043510873492e+00,1.009696032150181111e+00,1.003501802674578114e+00,1.042526156347423516e+00
1.000000000000000000e+00,1.022458844360554231e+00,9.692946550962522334e-01,8.930819747551203003e-01,9.644200753220052436e-01,9.396673632043837099e-01
1.000000000000000000e+00,1.065419864892739321e+00,1.112449104769789088e+00,1.073343087193166179e+00,1.182298206090719672e+00,1.241887273384488566e+00
1.000000000000000000e+00,9.855022971207000326e-01,1.004307908168765140e+00,9.917173478682900223e-01,9.876073321494492907e-01,1.057919168564986911e+00
1.000000000000000000e+00,1.079363561707906705e+00,1.039116921130192495e+00,1.013213215987043059e+00,1.045922740756677349e+00,1.116840702983587619e+00
1.000000000000000000e+00,9.591336751673442684e-01,9.842310011356253385e-01,9.968954728662114961e-01,9.958833634639184806e-01,9.981567297555351548e-01
1.000000000000000000e+00,1.009762263278442651e+00,9.611921506867059373e-01,1.026793190480765894e+00,1.046041974460025559e+00,9.441875257565038870e-01
1.000000000000000000e+00,9.629316851537269573e-01,9.662777825255702835e-01,9.774653674947664239e-01,1.012961415710972313e+00,1.019166313941016977e+00
1.000000000000000000e+00,1.079107222364823038e+00,1.050543617266232355e+00,1.117300553720585787e+00,1.057975278501961380e+00,1.111121939573907369e+00
1.000000000000000000e+00,9.774014361285874308e-01,9.894635628824407503e-01,1.008051739185432671e+00,1.052438859401718885e+00,1.013746136539276588e+00
1.000000000000000000e+00,1.083041940929889257e+00,1.146252815914452938e+00,1.033454361093933516e+00,1.089035257565341031e+00,1.024555841768275410e+00
1.000000000000000000e+00,9.283944615487688123e-01,1.010442117559851471e+00,1.028302075257367498e+00,1.002715742318368575e+00,9.615127070923650265e-01
1.000000000000000000e+00,9.378988164271679917e-01,8.204637934560217172e-01,8.628253245105553804e-01,8.669164180767928718e-01,9.447466928794675534e-01
1.000000000000000000e+00,8.951466339845117748e-01,8.714396497509503403e-01,8.621819148823263168e-01,9.521413945493857334e-01,8.960515942281093160e-01
1.000000000000000000e+00,9.654859704694407352e-01,9.485284542638710015e-01,9.577296466710890632e-01,9.865683634177073724e-01,9.641141773803770798e-01
1.000000000000000000e+00,9.491087555056557656e-01,8.872137199337016833e-01,8.927526558574100379e-01,9.370850542096463842e-01,9.723707440012724357e-01
1.000000000000000000e+00,8.879554349067189101e-01,9.129755825072789488e-01,8.356246897767161119e-01,8.576352588555199441e-01,8.481509813058318858e-01
1.000000000000000000e+00,1.023513588715964984e+00,9.919725727989624486e-01,8.861203882449331104e-01,8.196117789601593540e-01,8.256742655516134954e-01
1.000000000000000000e+00,1.018450084401864464e+00,9.831385940012384861e-01,8.735462294018199181e-01,7.656493314946704043e-01,8.322153568653675171e-01
1.000000000000000000e+00,1.006714827310972060e+00,1.062500670118428303e+00,9.588467132910185597e-01,9.595969668551839193e-01,9.969607545228752477e-01
1.000000000000000000e+00,1.042772837250871332e+00,9.607496016595181709e-01,1.044785500664032085e+00,1.193858208508799201e+00,1.304989236440720290e+00
1.000000000000000000e+00,1.108188548561396258e+00,1.087038770902756468e+00,1.164094724175060103e+00,1.189159178214466150e+00,1.203464692247063761e+00
1.000000000000000000e+00,9.499864214016904285e-01,9.872409102311712203e-01,9.604564054062587619e-01,9.665163724321937933e-01,9.443471076748393145e-01
1.000000000000000000e+00,8.505659340991053030e-01,8.465460176435275486e-01,9.114737474833385367e-01,9.720804312067834463e-01,9.448106332140602248e-01
1.000000000000000000e+00,9.976379276755263925e-01,1.020242716725931587e+00,9.985182846243251253e-01,1.045921433328972805e+00,9.684018383010323250e-01
1.000000000000000000e+00,1.010041463467659106e+00,1.022721802432936533e+00,1.035730121843148499e+00,1.022434666526404579e+00,9.984802812244529813e-01
1.000000000000000000e+00,1.063990646887437608e+00,1.132121550410915667e+00,1.143689951668940274e+00,1.226284653271786373e+00,1.252408820796833133e+00
1.000000000000000000e+00,1.031630486790552137e+00,1.086423690563318223e+00,1.047322439249723569e+00,1.040180470239198351e+00,1.100574131452420890e+00
1.000000000000000000e+00,9.886657894859064433e-01,1.010543128823041092e+00,1.126288488484683548e+00,1.151387415908437850e+00,1.290840079599864687e+00
1.000000000000000000e+00,1.039013979170628321e+00,1.065969128134930610e+00,1.104200207211530449e+00,1.182060408721774980e+00,1.318544891341618674e+00
1.000000000000000000e+00,1.082494436800905735e+00,1.149081179210099224e+00,1.255570975148677215e+00,1.199743994307594930e+00,1.126742413611544924e+00
1.000000000000000000e+00,1.052176115903473042e+00,1.059444378309060353e+00,9.496424084053586290e-01,9.184862075925976921e-01,9.342295229197399298e-01
1.000000000000000000e+00,9.639377308888799067e-01,9.067379234480698047e-01,9.221051648611141571e-01,9.243887284670172511e-01,9.702018190488579386e-01
1.000000000000000000e+00,9.637983701733616737e-01,9.250377255337816074e-01,9.523810867977883232e-01,9.291076257818896567e-01,8.233325914294947756e-01
1.000000000000000000e+00,9.611503270766271756e-01,9.336245859376408607e-01,8.290446381717068158e-01,7.383920708551752199e-01,7.026437525799029693e-01
1.000000000000000000e+00,9.310055032704515066e-01,1.017876912907338616e+00,9.849866868153532851e-01,1.043762819104195438e+00,1.009454366842806428e+00
1.000000000000000000e+00,9.784527589053600982e-01,8.898930679358291185e-01,7.946990693829421026e-01,7.906440824288278879e-01,7.760156004599971791e-01
1.000000000000000000e+00,1.024977172110342893e+00,1.035855115425873496e+00,1.076159616025781585e+00,9.915774730654203228e-01,1.024688283353876406e+00
1.000000000000000000e+00,9.768167438073593889e-01,9.083040671396631627e-01,9.390855571032148408e-01,8.992974532969151280e-01,9.504401184085756737e-01
1.000000000000000000e+00,1.064444506120222567e+00,1.062064140726832528e+00,1.053860031275662745e+00,1.067249645300966554e+00,1.122966621010372368e+00
1.000000000000000000e+00,9.490127797861556136e-01,8.943452725228095979e-01,8.979703469337420030e-01,8.992924366404224656e-01,8.146152819445476867e-01
1.000000000000000000e+00,1.007131204016370241e+00,1.089543084089981795e+00,1.082077460102263355e+00,1.090525338402030364e+00,1.113625148058544623e+00
1.000000000000000000e+00,9.176101309694952857e-01,9.208323136333071979e-01,9.066470153416757993e-01,9.508838050648095175e-01,9.969569541853130490e-01
1.000000000000000000e+00,1.011672006291431725e+00,9.552046406111465160e-01,9.880168694850955946e-01,1.023824263806873303e+00,9.896818626950969477e-01
1.000000000000000000e+00,1.019353273652010783e+00,1.103908842863745354e+00,1.132158905752987277e+00,1.133343169990210564e+00,1.282408705374614710e+00
1.000000000000000000e+00,1.067535664409175356e+00,1.110400783554547965e+00,1.098661267413727050e+00,1.231959857670138492e+00,1.264441065543630893e+00
1.000000000000000000e+00,9.464126869421164434e-01,9.752768751433694705e-01,8.922849593764571319e-01,9.397383293867752618e-01,9.464951672263429705e-01
1.000000000000000000e+00,1.027477997904333806e+00,1.013660005168593781e+00,1.003745205205071933e+00,1.126327575345240195e+00,1.222949837676235552e+00
1.000000000000000000e+00,1.018196231569648225e+00,1.024432435372623296e+00,1.104040992908753349e+00,1.092135648777015300e+00,1.083173734786506470e+00
1.000000000000000000e+00,9.198539670536591828e-01,8.560952007092633709e-01,8.855284327032710845e-01,9.443511859232779360e-01,9.639692522072195180e-01
1.000000000000000000e+00,1.056453462957906320e+00,1.007986041543759148e+00,9.825017555409211178e-01,1.004451859842087069e+00,9.924187437772151732e-01
1.000000000000000000e+00,9.898018471525569240e-01,9.301323795129367022e-01,9.585017431922064901e-01,1.052041446313204842e+00,1.105768360406772954e+00
1.000000000000000000e+00,9.469961254133647532e-01,9.460723664183546822e-01,9.208581330355743999e-01,9.254832959726918551e-01,9.002228629853681330e-01
1.000000000000000000e+00,1.002888230005965386e+00,9.630239594548705151e-01,9.559883832856762576e-01,9.785537778034512080e-01,1.060579603279004690e+00
1.000000000000000000e+00,9.531369162602949530e-01,9.771590573393245105e-01,1.073881370218944920e+00,1.044822804486009504e+00,1.028532866268761836e+00
1.000000000000000000e+00,9.510857488669610671e-01,8.933296979720357633e-01,8.483183677711909620e-01,7.379005149560448062e-01,6.590540470298823506e-01
1.000000000000000000e+00,1.074854013384309193e+00,1.027817403638408456e+00,9.252929218792546040e-01,9.073951450458990209e-01,7.991318376170711835e-01
1.000000000000000000e+00,9.550924117190198182e-01,9.587777111589687040e-01,9.028534010448858727e-01,8.511002617017556782e-01,8.875823683442124468e-01
1.000000000000000000e+00,1.084783225040278021e+00,1.100709963916326251e+00,1.081073617798332442e+00,1.103281792882074397e+00,1.128545550308023726e+00
1.000000000000000000e+00,9.492756089169177569e-01,9.911314244523119488e-01,1.129889129015509752e+00,1.264189559289538023e+00,1.272523971805809895e+00
1.000000000000000000e+00,9.912570077628231058e-01,9.623274341388987629e-01,1.018933339725761167e+00,9.714874289086500303e-01,1.109071320791165549e+00
1.000000000000000000e+00,9.372354575127480603e-01,1.003256181420218329e+00,1.044651223368144421e+00,1.099054191149526627e+00,1.055119412943913870e+00
1.000000000000000000e+00,1.045649266056093651e+00,1.102374428973058818e+00,1.119200123942237779e+00,1.034082986853563702e+00,1.109085204939970204e+00
1.000000000000000000e+00,9.652459119933459730e-01,9.439086428909672088e-01,9.902979258311119803e-01,1.030213261928973889e+00,1.183796882528983963e+00
1.000000000000000000e+00,9.356402421710141581e-01,8.609648164034702233e-01,8.630176731191728789e-01,9.310990997668278091e-01,8.972359826397696692e-01
1.000000000000000000e+00,1.014762109069109020e+00,9.912092138508112882e-01,9.174631913467359290e-01,1.012231041132653164e+00,9.468741387474186588e-01
1.000000000000000000e+00,1.119482563377977247e+00,1.074205854465547283e+00,1.133353545321771572e+00,1.164720893930657475e+00,1.115818484157402590e+00
1.000000000000000000e+00,1.168505464765532631e+00,1.231780217244003328e+00,1.273619097134232714e+00,1.262135632281185416e+00,1.289401305694174660e+00
1.000000000000000000e+00,1.069661740481725465e+00,1.104439777459498284e+00,1.055502440057477287e+00,9.880880605929137639e-01,1.011723951577602199e+00
1.000000000000000000e+00,9.710398285929110473e-01,9.197443129389826222e-01,9.793533459633350091e-01,1.015782643732172863e+00,8.868131269665057159e-01
1.000000000000000000e+00,1.110279298453064722e+00,1.123892808330626769e+00,1.066221076939868118e+00,1.160724971668492644e+00,1.150154619959746549e+00
1.000000000000000000e+00,9.950705333914797723e-01,1.033400849838547852e+00,1.003461906486309729e+00,1.097327212571529653e+00,1.068661398228259785e+00
1.000000000000000000e+00,9.738425975950713021e-01,9.234920559985863031e-01,8.503052566317498284e-01,7.917452493752870080e-01,8.374817031362883357e-01
1.000000000000000000e+00,9.674410535564488267e-01,9.113588170136800448e-01,9.306233793326489367e-01,1.039055386577351081e+00,1.109335169729347204e+00
1.000000000000000000e+00,9.621941917570283609e-01,9.866201981271334187e-01,1.003180782987656450e+00,1.209649168107999495e+00,1.199493292296420321e+00
1.000000000000000000e+00,9.032613147125506670e-01,9.747080530819499655e-01,9.183459252607936163e-01,1.032097560331428410e+00,9.940203908223489426e-01
1.000000000000000000e+00,9.745710802235123538e-01,1.026683905908522432e+00,1.064638280942245441e+00,1.128598912427925649e+00,1.123331883537673326e+00
1.000000000000000000e+00,1.176367820634991679e+00,1.174758248711732511e+00,1.258770592622265649e+00,1.131172358549538570e+00,1.188271061003594697e+00
1.000000000000000000e+00,9.874231248317848486e-01,9.156740890655296061e-01,9.230557577692938276e-01,9.176254106605150618e-01,8.684886104054917455e-01
1.000000000000000000e+00,8.952252738540171784e-01,9.476606883566067729e-01,1.012070231689211841e+00,1.054439473679820161e+00,1.113538626440595092e+00
1.000000000000000000e+00,9.113834941800210698e-01,9.159448818576007012e-01,8.531826063300659291e-01,9.088773673828930422e-01,8.943736568760064509e-01
1.000000000000000000e+00,1.066454252373883360e+00,1.086948897678189363e+00,1.045477743642062141e+00,9.212617935348251796e-01,9.762113791689851494e-01
1.000000000000000000e+00,1.089647284265131688e+00,1.216249783640497739e+00,1.199769604922340749e+00,1.187621974865799013e+00,1.231780285312551459e+00
1.000000000000000000e+00,9.636567435359011391e-01,8.594568929142343272e-01,8.761048836570826115e-01,9.145861881529561144e-01,9.096499166429922179e-01
1.000000000000000000e+00,1.090129852878635397e+00,9.745663232099904816e-01,9.838814829245573490e-01,9.289291944430302372e-01,9.611085272928279188e-01
1.000000000000000000e+00,1.085430299363991713e+00,1.243507005511950370e+00,1.173693097678630393e+00,1.294062740731889871e+00,1.316733909798317503e+00
1.000000000000000000e+00,9.642110621146626759e-01,1.005586516400436059e+00,8.872077699603602152e-01,8.722544750799724467e-01,8.819543030072348744e-01
1.000000000000000000e+00,1.009055267314681315e+00,1.033181715865677530e+00,1.045886513290064990e+00,1.112608096852756523e+00,1.169421515680997947e+00
1.000000000000000000e+00,9.697076994488026402e-01,9.956818139321412797e-01,1.068210731047013251e+00,1.154558663893114234e+00,1.134941090325273239e+00
1.000000000000000000e+00,8.844262581927480049e-01,8.759745133613353607e-01,9.230557310805650451e-01,9.820066758896494052e-01,1.003520183329033477e+00
1.000000000000000000e+00,9.739331709277297966e-01,1.000808048239201220e+00,1.027263291675909018e+00,1.014208958693448404e+00,1.056303368625431283e+00
1.000000000000000000e+00,1.020465001191271925e+00,9.214277810481169562e-01,9.747998102759500849e-01,9.321217074366622279e-01,8.804693417249436216e-01
1.000000000000000000e+00,1.059932553533251998e+00,9.812757565960702477e-01,1.025502703309218777e+00,1.105410599457126386e+00,1.166432828355419282e+00
1.000000000000000000e+00,8.778026918540183798e-01,9.175715081809335816e-01,9.920637102067237922e-01,1.017120197001496251e+00,9.384969404745312493e-01
1.000000000000000000e+00,1.013816998330551167e+00,1.102966230281163362e+00,1.219615404143900461e+00,1.249109865914298512e+00,1.333476851764174187e+00
1.000000000000000000e+00,8.636105414906519728e-01,8.968662314620753362e-01,8.450168107475460877e-01,8.602375073514341164e-01,8.333431400756027285e-01
1.000000000000000000e+00,9.674574348013732505e-01,1.011042029276085108e+00,1.022117618126472172e+00,9.688885724581545178e-01,9.687639211010460327e-01
1.000000000000000000e+00,9.527862324965885588e-01,8.847506402809419690e-01,8.069260429919434818e-01,7.291876284434967159e-01,7.960985543774442563e-01
1.000000000000000000e+00,1.022296628025987753e+00,9.734592187345595393e-01,1.008488732776826824e+00,1.084475422089921537e+00,1.106285832338174790e+00
1.000000000000000000e+00,1.063371374559195504e+00,1.012190468571342317e+00,1.123856306858865173e+00,1.218564926783096247e+00,1.375460019282059188e+00
1.000000000000000000e+00,1.000342268981470273e+00,9.866827098462153112e-01,9.938246578735683290e-01,9.407361724856624363e-01,8.665665060179590373e-01
1.000000000000000000e+00,1.062157922954769518e+00,9.905674354743118082e-01,1.008910451508336692e+00,1.085352194630091249e+00,1.066323382916502194e+00
1.000000000000000000e+00,9.991285787713679589e-01,8.464618268653589794e-01,7.509504799742371395e-01,8.143734523782466539e-01,8.370941609586334264e-01
1.000000000000000000e+00,1.001928822562148547e+00,1.000706032445563887e+00,9.212617497058822602e-01,9.139819644548708988e-01,9.603018595904933008e-01
1.000000000000000000e+00,1.007061740767043689e+00,9.982230112028239732e-01,9.639583570911932631e-01,9.644358046390814065e-01,1.064231509878137416e+00
1.000000000000000000e+00,1.008177700026263723e+00,1.000718729507823701e+00,1.054332214805354440e+00,1.016636386273345849e+00,9.382961904210830317e-01
1.000000000000000000e+00,1.006204882594592842e+00,1.052735642214129852e+00,1.107282604328231113e+00,1.121178440204201765e+00,1.066996918196192690e+00
1.000000000000000000e+00,1.049982061716161708e+00,1.105400148622009526e+00,1.063629534353011108e+00,1.049849474320395881e+00,9.573357483983788718e-01
1.000000000000000000e+00,1.031852108908692278e+00,1.071610225410900341e+00,1.068722475107830583e+00,1.156809961997793401e+00,1.155185694650860517e+00
1.000000000000000000e+00,1.001204928612026590e+00,1.019267177145330772e+00,1.130676048350230944e+00,1.070641248258497269e+00,1.004191847100874613e+00
1.000000000000000000e+00,9.278149959292906201e-01,9.211203961185631117e-01,9.216842340891758800e-01,9.848064223546387774e-01,1.077751635151935616e+00
1.000000000000000000e+00,9.738138110269143333e-01,1.005019899756664170e+00,1.039249960486398727e+00,1.029152345437293947e+00,9.518227980829585544e-01
1.000000000000000000e+00,1.010579255841280055e+00,1.041869407811455872e+00,1.062674425311493254e+00,1.099601392084841534e+00,1.027252263325753923e+00
1.000000000000000000e+00,9.599549943759525528e-01,9.709051679973283999e-01,9.877718695119540593e-01,9.926294574921800118e-01,1.054815821160868250e+00
1.000000000000000000e+00,9.708541455169661383e-01,1.023227210197044101e+00,1.021236710240789991e+00,1.016623853153008072e+00,9.538886272425909363e-01
1.000000000000000000e+00,9.984923388220140472e-01,1.119362901800185606e+00,1.065040081431738894e+00,1.148579059123524759e+00,1.114949650243386881e+00
1.000000000000000000e+00,9.475856430543306841e-01,7.807276370742858296e-01,7.133691277128807462e-01,7.078468960448194292e-01,6.889270121814531356e-01
1.000000000000000000e+00,9.376618916916505952e-01,9.614166202597314026e-01,9.011391923290524852e-01,9.326888586962743810e-01,8.831688799197615625e-01
1.000000000000000000e+00,9.350984191413830304e-01,9.214273719173081689e-01,9.753827255589375689e-01,1.026938994077684075e+00,1.072252938720549720e+00
1.000000000000000000e+00,9.395387886170490921e-01,9.401642536356086266e-01,9.505825654074344655e-01,1.023040381498304674e+00,1.069063802794400164e+00
1.000000000000000000e+00,9.883328586754371869e-01,8.735540464947118000e-01,9.428115738533673351e-01,9.826239584118688919e-01,1.067145401096470270e+00
1.000000000000000000e+00,9.263289224598467708e-01,1.044396424031577508e+00,1.132699922249808866e+00,1.239299454760876662e+00,1.295048237691148962e+00
1.000000000000000000e+00,1.012264535180745328e+00,9.905751156731338325e-01,1.096662625471269914e+00,1.191352626390382641e+00,1.209298494212002639e+00
1.000000000000000000e+00,1.043799440744326512e+00,1.002543055592190147e+00,9.645000960809479995e-01,8.908344986348913919e-01,1.019361848913048707e+00
1.000000000000000000e+00,1.067543636584259215e+00,9.970388908613426748e-01,9.869624853918385066e-01,7.954693531184604538e-01,7.625826908619529609e-01
1.000000000000000000e+00,8.903122332064593580e-01,8.178251238808753598e-01,8.590176694565602178e-01,7.775088856831670059e-01,9.054494776340460405e-01
1.000000000000000000e+00,9.475458373513087063e-01,9.321093048411616122e-01,9.624215109099844012e-01,8.492580111895718931e-01,9.641948736089047678e-01
1.000000000000000000e+00,1.023408914635788092e+00,9.894191890002987932e-01,9.130626909395954671e-01,1.065639426456238548e+00,1.125659465878317667e+00
1.000000000000000000e+00,9.364613157056770332e-01,9.378393660341494131e-01,9.775580061021084122e-01,1.053502121987372142e+00,1.048483596107905313e+00
1.000000000000000000e+00,9.645878857691250197e-01,9.807241539648486883e-01,1.017689493912136367e+00,9.564556251253300001e-01,9.911861024497439221e-01
1.000000000000000000e+00,9.719159158901676809e-01,9.529568913981543155e-01,9.043984064830852265e-01,9.747196538179712100e-01,9.701741051247453340e-01
1.000000000000000000e+00,1.013839218652906160e+00,9.625192434732621205e-01,9.173491716985328059e-01,9.004066927223685068e-01,8.250378607298604061e-01
1.000000000000000000e+00,9.761289199875573530e-01,9.424690992329394224e-01,9.119256616403031979e-01,9.197413093721650279e-01,8.503788724724962167e-01
1.000000000000000000e+00,1.057166172546950111e+00,1.102981738701485304e+00,1.068293354767371195e+00,9.739824562124250740e-01,9.287306296371269365e-01
1.000000000000000000e+00,1.137198324151974971e+00,1.154386783169700115e+00,1.174247682891597977e+00,1.152167725827926592e+00,1.173368733796905650e+00
1.000000000000000000e+00,9.525888743169403927e-01,9.998529758755321240e-01,1.070874234470060360e+00,9.994724915158560430e-01,9.156487967584598930e-01
1.000000000000000000e+00,1.106438132472897795e+00,1.165586858456511443e+00,1.080967779212877566e+00,1.026770997529550034e+00,9.331421745242884924e-01
1.000000000000000000e+00,1.060894139578888895e+00,9.715755164952457612e-01,9.842886883603246817e-01,1.009987576624399530e+00,1.079985743954648747e+00
1.000000000000000000e+00,1.002273479553567936e+00,9.212131508176348849e-01,9.340904183525156057e-01,9.182693989938053303e-01,7.940807432390432075e-01
1.000000000000000000e+00,1.002964394869534370e+00,1.012216803648634977e+00,1.044056345168653088e+00,1.055542882728764065e+00,1.109011984266221607e+00
1.000000000000000000e+00,1.075270753335569207e+00,1.073371540644960431e+00,9.560817688731968467e-01,9.408842673387703970e-01,9.895107372537994550e-01
1.000000000000000000e+00,9.938681983546374665e-01,9.867790643869266409e-01,9.428352769357396523e-01,9.035643354818307937e-01,9.764747005249925227e-01
1.000000000000000000e+00,1.019710044797212500e+00,1.008446809495038288e+00,1.079975874067541586e+00,1.137340660751936072e+00,1.179118330202945542e+00
1.000000000000000000e+00,1.062736659472503842e+00,1.300689903428988714e+00,1.315633638610420597e+00,1.242815325979077290e+00,1.117478102048975686e+00
1.000000000000000000e+00,9.284597965481926618e-01,9.204098999806057391e-01,9.210886992618096958e-01,9.714002491977543619e-01,9.450571051544404133e-01
1.000000000000000000e+00,1.047065770026608167e+00,1.143716354037628724e+00,1.122165835991660865e+00,1.191721536630810485e+00,1.177573757554220224e+00
1.000000000000000000e+00,9.789100444546090518e-01,9.427782088366714053e-01,9.363321871366737659e-01,9.559711820026950413e-01,8.974515493023844659e-01
1.000000000000000000e+00,1.036873051518116595e+00,9.852239737876181680e-01,1.072075936920569683e+00,9.456205763125627994e-01,9.175907462361150291e-01
1.000000000000000000e+00,1.048217799477377588e+00,1.037168519410975209e+00,9.996087773832323942e-01,1.087659069061733819e+00,1.078937867828590802e+00
1.000000000000000000e+00,9.839839314078829835e-01,9.878384874395433890e-01,9.683805380537141572e-01,9.662414008972988189e-01,1.053413572377886354e+00
1.000000000000000000e+00,1.083031560267418314e+00,1.218041616558805940e+00,1.286367971019198642e+00,1.262749570963299872e+00,1.370922226682095735e+00
1.000000000000000000e+00,9.561096065240926034e-01,9.692161305172720676e-01,9.925794018691217468e-01,9.898194306965978351e-01,1.001539850148751354e+00
1.000000000000000000e+00,1.005275000152649811e+00,1.005909428063133104e+00,1.097500631484456424e+00,1.097177682344480765e+00,1.144187353750954816e+00
1.000000000000000000e+00,9.370208575474543444e-01,8.446632290206795846e-01,8.239453533823787312e-01,7.859993274235509420e-01,8.179145944555926695e-01
1.000000000000000000e+00,1.100836213117615259e+00,1.187757015642349367e+00,1.260570778995198982e+00,1.278112992085495447e+00,1.158363928382492025e+00
1.000000000000000000e+00,1.000141956822532041e+00,9.325328052041770288e-01,9.089345735274805271e-01,9.348940794628163298e-01,8.988772840128874675e-01
1.000000000000000000e+00,9.260411516126770826e-01,9.104531701460925053e-01,8.432302123280891459e-01,8.026369216613143953e-01,7.676557365980635206e-01
1.000000000000000000e+00,1.058087307138393163e+00,1.055296617530219416e+00,1.133933989806857667e+00,1.086585941424747181e+00,1.194582349150117295e+00
1.000000000000000000e+00,1.045646814200861030e+00,9.997424831341091833e-01,1.008551211304847595e+00,9.952469418315010863e-01,9.912531558122114062e-01
1.000000000000000000e+00,1.143610401053938963e+00,1.223002058470729070e+00,1.303215177978537476e+00,1.246513359423919498e+00,1.214704584899565010e+00
1.000000000000000000e+00,1.168019341802955413e+00,1.143157471911408152e+00,1.059741833773032660e+00,1.057151598351185440e+00,1.130123448148535159e+00
1.000000000000000000e+00,9.544238264911574232e-01,9.023663026426754774e-01,8.478732827080808221e-01,8.996825023864246651e-01,8.544150801834933251e-01
1.000000000000000000e+00,1.071076940286983747e+00,1.041202930171298391e+00,1.051302782539268676e+00,1.020445852172070511e+00,1.037405106282106360e+00
1.000000000000000000e+00,8.950317166645400668e-01,9.297690389993373827e-01,9.114629538960146160e-01,1.063730367254706044e+00,1.102928623335952096e+00
1.000000000000000000e+00,1.005845589688415975e+00,1.013267868776103642e+00,9.665235570552149769e-01,1.073084993583791391e+00,9.985493087262814482e-01
1.000000000000000000e+00,9.853155746399834269e-01,1.005488682532134748e+00,9.539501685538609443e-01,8.876587484260801686e-01,9.041686939704379755e-01
1.000000000000000000e+00,9.453052013250147212e-01,9.504849330052868028e-01,9.379911260309063969e-01,9.676542365216485031e-01,8.706524878209146445e-01
1.000000000000000000e+00,9.762285971502753235e-01,1.040942878467211230e+00,1.220749568210109715e+00,1.245953718276937794e+00,1.206053911707513304e+00
1.000000000000000000e+00,1.029067804094563332e+00,1.035963723447788976e+00,9.890432875096659693e-01,1.000108981461661051e+00,1.077365516798796774e+00
1.000000000000000000e+00,1.115424582292859901e+00,1.133175553317997242e+00,1.100099734168225707e+00,1.122412923308202082e+00,1.237308561151399422e+00
1.000000000000000000e+00,9.360423401261046550e-01,9.232805343089715011e-01,9.478399189162061145e-01,9.518071170791086999e-01,9.899224515863411789e-01
1.000000000000000000e+00,1.037477806381413181e+00,9.893280636646365478e-01,9.160306881332036522e-01,9.151336726243802788e-01,8.766870910549465767e-01
1.000000000000000000e+00,1.096488594336382905e+00,1.128098642003150021e+00,1.059310833766273330e+00,1.100037623575167434e+00,1.182608754271970986e+00
1.000000000000000000e+00,1.062730853536363762e+00,1.153798786341822202e+00,1.096228610229588174e+00,1.066409776523085329e+00,1.138727947830428855e+00
1.000000000000000000e+00,1.008775802836241686e+00,1.001545498872224549e+00,1.048513922522237962e+00,1.187022231488380264e+00,1.088570768033966463e+00
1.000000000000000000e+00,1.010415515974065981e+00,9.961584115994747135e-01,1.143732032189988201e+00,1.111848725994240672e+00,1.053165857421022089e+00
1.000000000000000000e+00,9.822493225476364165e-01,1.035239169648794588e+00,9.852320877163970314e-01,9.644484379214731673e-01,1.006072877183834979e+00
1.000000000000000000e+00,9.136801853523491834e-01,9.339401970984065882e-01,1.029767377034999321e+00,1.018362377509610450e+00,1.028687264864911688e+00
1.000000000000000000e+00,9.225492697360108130e-01,8.531608421328247260e-01,9.068771824225381195e-01,9.435161639263114353e-01,9.022509957945095138e-01
1.000000000000000000e+00,9.344270795115013906e-01,1.070094981162879488e+00,1.087958169983992418e+00,1.131219181680221730e+00,1.186429421351168578e+00
1.000000000000000000e+00,1.056215971895719141e+00,1.079591663119552125e+00,1.091499719121777900e+00,1.159639661465298177e+00,1.151752486978881551e+00
1.000000000000000000e+00,9.261238860138709672e-01,8.292917161136795778e-01,8.787216965524583534e-01,9.080306386967323951e-01,8.356635411177697481e-01
1.000000000000000000e+00,9.131393656215712751e-01,8.677817362724118411e-01,8.670351152646157411e-01,7.836064480998641280e-01,7.468414784408036189e-01
1.000000000000000000e+00,9.820324216654318095e-01,9.824410217025308922e-01,1.035746481859868506e+00,8.963335206663919363e-01,8.563516391243534143e-01
1.000000000000000000e+00,9.721585183201056912e-01,1.141243735977378826e+00,1.222677130226029751e+00,1.262920523960892716e+00,1.325972996115955871e+00
1.000000000000000000e+00,9.739657724251521431e-01,9.184621653689698517e-01,9.398277319999333024e-01,1.005788435597999131e+00,9.347717027080633123e-01
1.000000000000000000e+00,1.016799665898337812e+00,1.053422252349901278e+00,1.027988970251698220e+00,9.775472466713425179e-01,1.001151079356675799e+00
1.000000000000000000e+00,9.695803062410144335e-01,1.000086956326053489e+00,1.048335082443547117e+00,1.122178759492626687e+00,1.103974063596397492e+00
1.000000000000000000e+00,1.082798520461154768e+00,1.077720664083414714e+00,1.200544870927078733e+00,1.267861777929325307e+00,1.186230081952868387e+00
1.000000000000000000e+00,1.021291352155154986e+00,8.722915150537441376e-01,9.166937804554181612e-01,9.469456661873171255e-01,9.806147825106040772e-01
1.000000000000000000e+00,9.479032058053321608e-01,8.711595125824683761e-01,8.827041773802170033e-01,9.002437168077207508e-01,9.480425006166109947e-01
1.000000000000000000e+00,1.023469617054693970e+00,1.110650394604964397e+00,1.012385223180461979e+00,1.028461017219279849e+00,9.703855776210646988e-01
1.000000000000000000e+00,1.033460618724331592e+00,1.027758289838436756e+00,1.066496172948237620e+00,1.211574058473964488e+00,1.082504647676696186e+00
1.000000000000000000e+00,1.008707566931714483e+00,8.657486861419620983e-01,9.636937708107510270e-01,1.020383161779631065e+00,1.123672262069483452e+00
1.000000000000000000e+00,1.051960931627821560e+00,1.087866487604491894e+00,1.158146924308046888e+00,1.218522443416453216e+00,1.199582025062198465e+00
1.000000000000000000e+00,9.420747831296947261e-01,9.484508147376148335e-01,9.852444553919250669e-01,1.050504995683748888e+00,1.058644652991102220e+00
1.000000000000000000e+00,1.088640793297073861e+00,9.974261060794730183e-01,9.417399720473710323e-01,9.689793312686074689e-01,9.966371836185212718e-01
1.000000000000000000e+00,9.696192285478593131e-01,1.006680498828743886e+00,9.738370412210674010e-01,1.094296858607260781e+00,1.090071134705109968e+00
1.000000000000000000e+00,1.040751321243982952e+00,1.103837118194503475e+00,1.122969568434053045e+00,1.196987367648221667e+00,1.243111406116399698e+00
1.000000000000000000e+00,1.047403138383814492e+00,9.856565009978749403e-01,9.569644111704644907e-01,9.171467963783425104e-01,9.034122698673719976e-01
1.000000000000000000e+00,1.054983692969754472e+00,1.051896274752976757e+00,1.059582149047560762e+00,1.031721916108815584e+00,1.018756517272208395e+00
1.000000000000000000e+00,9.774198899842210242e-01,9.313519257193365597e-01,9.513175138931325714e-01,9.961370025738865985e-01,9.808218894829294765e-01
1.000000000000000000e+00,1.029694424930050367e+00,9.549201186951086218e-01,9.288349741209841470e-01,9.989385398479938560e-01,1.007620941579359330e+00
1.000000000000000000e+00,1.052453964126392361e+00,9.895975210080710793e-01,9.752590138420768051e-01,9.426329114240354912e-01,9.218371947273186207e-01
1.000000000000000000e+00,9.648262256449146035e-01,8.817209026319225984e-01,8.881235474070631186e-01,8.896326739471395184e-01,9.782070348638234325e-01
1.000000000000000000e+00,9.832344252802845963e-01,9.499224548512142929e-01,9.163216552738642218e-01,8.872070555090024735e-01,8.352254330953546857e-01
1.000000000000000000e+00,9.411695980991362509e-01,9.548300346152386320e-01,9.433363782589746505e-01,9.619754069881337744e-01,9.717355939685896615e-01
1.000000000000000000e+00,1.033774967499587305e+00,1.008980139909544160e+00,1.000197697393322649e+00,9.974899582337150017e-01,9.188638378232885096e-01
1.000000000000000000e+00,1.027602521902729604e+00,1.080187597418048373e+00,1.083240136870034176e+00,1.170551883547088279e+00,1.100641895980647211e+00
1.000000000000000000e+00,1.000415472031703334e+00,9.085805178125399006e-01,8.782133230204367536e-01,8.358109456232101220e-01,8.063144447645165247e-01
1.000000000000000000e+00,9.322857394964743083e-01,9.061429990595990525e-01,9.473413977583100554e-01,8.554369322823218713e-01,7.432369810404131361e-01
1.000000000000000000e+00,1.040926965441611340e+00,1.011874911622300699e+00,1.073416544929453043e+00,1.103874483338406653e+00,1.006326782501603345e+00
1.000000000000000000e+00,1.042281260112036589e+00,1.027842248879124121e+00,1.015962396715055061e+00,9.927237513237149313e-01,9.564283544681708715e-01
1.000000000000000000e+00,9.798102606297386385e-01,9.698193937194820036e-01,9.558843436895948509e-01,9.686804601598111297e-01,9.183664887779140473e-01
1.000000000000000000e+00,1.025541864452893082e+00,1.013775403849316303e+00,1.037792459180457927e+00,1.136160884501987267e+00,1.092299676469459246e+00
1.000000000000000000e+00,9.000859886729513093e-01,9.045722381404763812e-01,9.900108978377797353e-01,9.849170204557583519e-01,1.044929767760973460e+00
1.000000000000000000e+00,1.058744267275058215e+00,1.051512849026940088e+00,1.112783327601212235e+00,1.076612570608617592e+00,1.115302316095442281e+00
1.000000000000000000e+00,1.047045335534114052e+00,9.332771094205961626e-01,9.224203873445845359e-01,9.496468918642062551e-01,1.020475206504481314e+00
1.000000000000000000e+00,9.625517313581226642e-01,9.100892948189441833e-01,9.111600971615785305e-01,8.194568218523078373e-01,9.350898037570951615e-01
1.000000000000000000e+00,1.008282294100100618e+00,9.701440804599610335e-01,9.929698594813511914e-01,1.053376745699614148e+00,1.061612158822995422e+00
1.000000000000000000e+00,9.316715936122013098e-01,9.492549636512200850e-01,9.084159780203461265e-01,8.548304226386158611e-01,8.565250967185131792e-01
1.000000000000000000e+00,9.560431043412617180e-01,8.479439824411111326e-01,8.290885757640130693e-01,8.249204530064970786e-01,8.166772877295327415e-01
1.000000000000000000e+00,1.045470401772688129e+00,1.109708253982736537e+00,1.158201245632876963e+00,1.181755633886393042e+00,1.125328266504291852e+00
1.000000000000000000e+00,9.582513694430484508e-01,1.019885319410599012e+00,1.062956092919642437e+00,1.083122747944463393e+00,1.201007440200580811e+00
1.000000000000000000e+00,1.009548519254535703e+00,9.614057876645432099e-01,1.023005762103147642e+00,9.793314522469973582e-01,9.621160338485738039e-01
1.000000000000000000e+00,1.037695440280058889e+00,1.001793952643729835e+00,1.006531063503616430e+00,1.011699817634843512e+00,1.030369216346690653e+00
1.000000000000000000e+00,1.078370327695767239e+00,1.143188539664540704e+00,1.102200732179365872e+00,1.272951880732858143e+00,1.362461333504363159e+00
1.000000000000000000e+00,1.025289597550068210e+00,1.013830513434449410e+00,1.103064014806768300e+00,1.183164013909628220e+00,1.254912328891281348e+00
1.000000000000000000e+00,1.007279221463747154e+00,9.560420121158346163e-01,9.245348148525464049e-01,9.323484374609555259e-01,9.120728541593305927e-01
1.000000000000000000e+00,8.991470154286796967e-01,9.124246264835171871e-01,9.654726433957968590e-01,9.863341388391088094e-01,9.372747876626190688e-01
1.000000000000000000e+00,9.971250601676696634e-01,1.113738018165814525e+00,1.101057713629382429e+00,1.182666630237296124e+00,1.124517012573897468e+00
1.000000000000000000e+00,1.080859115317071018e+00,1.168354702978555926e+00,1.125672470399928127e+00,1.041406669034399934e+00,1.019400892656941338e+00
1.000000000000000000e+00,9.958858743703976613e-01,1.023119830129145535e+00,9.585091856521706921e-01,8.228443663388920193e-01,8.321699842984672246e-01
1.000000000000000000e+00,9.928606600020039030e-01,9.686505126049558267e-01,9.940402997668976726e-01,9.371954854958586267e-01,8.392927593938613873e-01
1.000000000000000000e+00,1.173309137201472341e+00,1.115660335214748278e+00,1.178422787122489046e+00,1.129153091451333246e+00,1.035857353216114385e+00
1.000000000000000000e+00,1.091548821344819675e+00,1.060369145499452603e+00,1.053418334047477645e+00,1.107781583232090306e+00,1.110230319154827283e+00
1.000000000000000000e+00,1.003935615895353850e+00,9.742309623389524553e-01,8.967869922974275321e-01,1.065925659715843521e+00,1.044831220136795746e+00
1.000000000000000000e+00,1.134541354201471286e+00,1.205990311431669015e+00,1.401936783478961779e+00,1.293146903401084291e+00,1.389114799946690848e+00
1.000000000000000000e+00,9.791824889756713945e-01,9.909678985818288766e-01,1.036834328569780084e+00,1.059025930171486163e+00,1.114922897221666043e+00
1.000000000000000000e+00,9.767218182731238763e-01,9.511010892397349092e-01,9.226449200673727535e-01,8.668095287013342087e-01,8.671626512485774985e-01
1.000000000000000000e+00,9.662985220481582482e-01,1.085730640664388957e+00,1.137887614152643945e+00,1.197776202501889875e+00,1.242833574786545325e+00
1.000000000000000000e+00,9.023335497192473964e-01,7.903917882437706544e-01,7.104138771415325904e-01,6.631320615656128847e-01,6.784379542235108307e-01
1.000000000000000000e+00,1.013614952730456542e+00,9.702366460938656179e-01,9.574910003696401883e-01,9.706225444019257464e-01,1.008075216243464522e+00
1.000000000000000000e+00,1.025752904112898545e+00,9.805938414882128251e-01,9.977768951976984102e-01,1.080395527086625007e+00,1.009672672324199327e+00
1.000000000000000000e+00,1.039996936252190363e+00,9.908536178692580743e-01,9.820312564322976057e-01,9.736992973681063424e-01,8.484430844519124104e-01
1.000000000000000000e+00,8.998634637940995384e-01,8.395531537962332980e-01,7.640196501366869342e-01,8.007484295431072097e-01,7.291561961032565486e-01
1.000000000000000000e+00,9.637744114536271889e-01,9.824573643785734500e-01,9.023190771189893988e-01,9.097980310772438850e-01,8.357548034326770514e-01
1.000000000000000000e+00,9.759687310400579907e-01,9.458614659782343947e-01,9.903757363830628657e-01,9.017928814449057695e-01,9.978424509443102330e-01
1.000000000000000000e+00,9.876149138810719208e-01,9.978602670218542636e-01,1.040376440605633501e+00,1.095718764869661577e+00,1.075116217759889192e+00
1.000000000000000000e+00,1.101510563666862730e+00,1.172801386576902027e+00,1.207740726686283628e+00,1.197417604041607575e+00,1.261539725806548162e+00
1.000000000000000000e+00,9.827299565226075284e-01,9.753237416572250185e-01,1.003556983816703774e+00,1.014204249487991039e+00,9.805449755351498542e-01
1.000000000000000000e+00,9.823473088944935094e-01,1.040796860402372737e+00,1.134596300495448906e+00,1.055303408425631639e+00,1.087878354085278110e+00
1.000000000000000000e+00,9.427360304700932447e-01,9.068629113039287093e-01,9.440481023137863303e-01,8.608283319710311465e-01,8.231373381293611846e-01
1.000000000000000000e+00,1.019185543400056071e+00,1.004511490573121835e+00,1.021750306954299692e+00,1.030526768595724674e+00,9.662777789129765038e-01
1.000000000000000000e+00,9.305573486505871461e-01,9.708617127817720238e-01,1.000073319818685968e+00,9.730697622131407876e-01,9.152995424858367812e-01
1.000000000000000000e+00,1.047205118762742249e+00,1.025002090632139984e+00,1.016443079717262998e+00,1.021962842216201484e+00,1.024131535656532144e+00
1.000000000000000000e+00,9.946991789452498400e-01,1.049570403907516214e+00,9.868467321271258141e-01,9.729588462898819401e-01,1.082670292272071677e+00
1.000000000000000000e+00,1.043074716201300767e+00,1.044046393359234104e+00,1.036647985998086829e+00,1.004733030158981189e+00,1.003019596004425473e+00
1.000000000000000000e+00,9.307784003260008987e-01,9.603017116549827925e-01,9.069068311316097475e-01,9.619844748003056889e-01,9.200104399544553058e-01
1.000000000000000000e+00,1.027632717823041331e+00,1.019581591150356958e+00,1.005193945119451371e+00,9.670450530684333579e-01,1.008382422013632596e+00
1.000000000000000000e+00,9.273968590270731394e-01,8.801189578968691141e-01,9.804859728142643061e-01,9.345480649696525921e-01,9.977433564832864921e-01
1.000000000000000000e+00,1.081878162583375325e+00,9.984132849343778648e-01,9.853986770791255401e-01,1.014999316045716027e+00,1.063162012243941357e+00
1.000000000000000000e+00,1.070914768865113498e+00,1.229595799199706629e+00,1.174383129251711289e+00,1.173995291148427933e+00,1.082029492323248521e+00
1.000000000000000000e+00,1.122061633346143950e+00,1.157669190422190741e+00,1.175259521344316882e+00,1.068912451940065012e+00,1.140831388566453386e+00
1.000000000000000000e+00,1.040315162450882402e+00,1.063583100005064619e+00,1.058009959405924461e+00,1.031612030529408530e+00,1.060293281080055161e+00
1.000000000000000000e+00,1.058266176964984151e+00,1.137086601754047521e+00,1.135014830757525184e+00,1.086086890479551537e+00,1.051290149129682661e+00
1.000000000000000000e+00,1.131148765724350858e+00,1.105000892858968520e+00,1.212610777294153008e+00,1.186700036096429933e+00,1.205261571349677929e+00
1.000000000000000000e+00,9.813349869375281864e-01,1.017002749362744707e+00,1.143509976791377003e+00,1.241753496920996458e+00,1.238071509698199568e+00
1.000000000000000000e+00,9.862139633508437697e-01,1.026141014079352987e+00,1.159970097163833369e+00,1.329271444219240594e+00,1.228340448223443238e+00
1.000000000000000000e+00,9.977102422300015983e-01,9.494947741694440557e-01,1.056777366549503494e+00,1.060607554832975641e+00,1.025360105533605459e+00
1.000000000000000000e+00,9.632104503805004603e-01,1.050053866362678390e+00,9.698521887529223395e-01,8.524930225279055973e-01,7.833350313743174809e-01
1.000000000000000000e+00,9.063527100301176365e-01,9.280615014229590676e-01,8.704510754607182044e-01,8.558616973125385829e-01,8.494173456487063012e-01
1.000000000000000000e+00,1.057288474429953329e+00,1.021877054905222293e+00,1.055006243794817333e+00,1.053014539298782193e+00,1.082487335602049239e+00
1.000000000000000000e+00,1.180872233352262990e+00,1.191711747268289212e+00,1.111702347318403783e+00,1.046987224480930845e+00,1.081956265662427752e+00
1.000000000000000000e+00,1.006787799811516670e+00,9.888223824488080460e-01,1.014791136225974055e+00,9.730709785744516838e-01,1.055598764934055245e+00
1.000000000000000000e+00,9.944242197390985583e-01,9.864254692029343907e-01,9.783315974175964547e-01,9.954237918194970280e-01,1.023799672054458432e+00
1.000000000000000000e+00,9.440023717795174019e-01,8.911046993697905316e-01,8.859809453756938291e-01,8.299506887948041589e-01,8.162221213198143088e-01
1.000000000000000000e+00,9.736138152893550890e-01,9.285869247805985660e-01,9.675029070533655018e-01,9.784415510198677390e-01,9.288277411367005243e-01
1.000000000000000000e+00,1.015924395174272465e+00,9.983134861388390791e-01,8.996695917221114724e-01,8.839386105661171111e-01,7.919213236602584693e-01
1.000000000000000000e+00,9.666950727792070763e-01,9.464053012436595136e-01,9.176664684343923684e-01,8.610015064644371829e-01,7.752817451898098566e-01
1.000000000000000000e+00,9.278659178898828186e-01,8.779526216959498974e-01,8.070332340044271691e-01,8.483108041968497881e-01,9.072559727239187799e-01
1.000000000000000000e+00,9.546022562491894847e-01,9.522338826689044078e-01,1.067020065266297113e+00,1.108079559854262763e+00,1.094210533269841523e+00
1.000000000000000000e+00,1.041986076514261672e+00,1.112602448558288160e+00,1.098884968016580643e+00,1.101004113636518511e+00,1.053640350285675487e+00
1.000000000000000000e+00,1.042136742804719240e+00,1.090592098010751076e+00,1.063951729662469425e+00,1.095412161518882321e+00,1.241592759853691552e+00
1.000000000000000000e+00,1.045007909707435623e+00,1.080561554423721038e+00,1.222235158327461768e+00,1.378340630693249080e+00,1.454853587919990865e+00
1.000000000000000000e+00,1.078843992527065865e+00,9.911206561778248547e-01,1.028732183043486570e+00,9.750833944390745467e-01,1.012669634257596263e+00
1.000000000000000000e+00,1.026528552422544482e+00,1.133662987362126895e+00,1.275058124055831410e+00,1.287248985048886185e+00,1.317297981979337784e+00
1.000000000000000000e+00,9.799337210066522141e-01,9.739188606644220148e-01,9.415773362118560197e-01,1.026400680014509792e+00,9.976143975459179636e-01
1.000000000000000000e+00,1.028247827016206761e+00,1.110684043291703782e+00,1.079015108827787950e+00,1.131723201161330072e+00,1.075547806401618622e+00
1.000000000000000000e+00,9.435998668206024842e-01,9.498850353224174148e-01,9.615010290975531948e-01,9.536248591157013843e-01,9.103064733577651557e-01
1.000000000000000000e+00,1.058373201717358603e+00,1.128019418029909238e+00,1.128419783633563656e+00,1.131729514420859228e+00,1.254879213694918283e+00
1.000000000000000000e+00,9.972977604183516087e-01,9.259283534176089292e-01,9.364278824369626220e-01,9.332711096220428493e-01,9.179424389370000048e-01
1.000000000000000000e+00,1.094593074241411612e+00,1.095572797449329006e+00,1.117620736019811822e+00,1.070326139976744306e+00,1.025364014142204239e+00
1.000000000000000000e+00,9.928214757022982839e-01,1.056149426978828521e+00,1.025577129188496084e+00,9.940727414069164825e-01,1.032901402968696258e+00
1.000000000000000000e+00,9.853401369031673518e-01,9.138787503611839336e-01,8.950046671429061629e-01,8.980120228281851524e-01,7.971279204407946128e-01
1.000000000000000000e+00,9.408675772615539001e-01,9.085357726419699409e-01,9.222929165252456984e-01,8.261273987986743617e-01,8.084550655043278855e-01
1.000000000000000000e+00,1.061280885253385042e+00,1.034412749385323904e+00,1.135609755547634325e+00,1.083020411975269326e+00,1.080030643438014470e+00
1.000000000000000000e+00,9.775486154074147782e-01,9.952437983988410286e-01,1.009506694868154142e+00,9.036055006727999883e-01,8.358836584931684799e-01
1.000000000000000000e+00,9.864598424849492231e-01,9.847783016183286886e-01,9.177988055739478845e-01,9.318950386621935866e-01,9.437486818972050662e-01
1.000000000000000000e+00,1.091922990156950046e+00,1.178418980731547938e+00,1.144274387105838509e+00,1.077730200175872177e+00,1.060452687811137329e+00
1.000000000000000000e+00,9.507372822658675116e-01,1.000846035808109935e+00,1.031334039742716646e+00,1.013244968057922746e+00,1.030052879271210475e+00
1.000000000000000000e+00,1.014758355020685121e+00,1.084618551132751740e+00,1.057157706590771129e+00,9.674103584113158405e-01,9.244646718724987000e-01
1.000000000000000000e+00,1.060627036646573762e+00,1.066344256146331659e+00,1.100373084892094067e+00,1.099701957961051635e+00,1.135545237187620016e+00
1.000000000000000000e+00,1.001517082523732283e+00,1.047573971472157028e+00,1.059937047680139521e+00,1.040061175713778097e+00,9.638538977272019803e-01
1.000000000000000000e+00,1.053793717437618183e+00,1.032420286392182085e+00,9.435748982122098560e-01,9.740941605328874431e-01,9.938853856745105686e-01
1.000000000000000000e+00,1.056066390869097260e+00,1.129301797666823148e+00,1.194466067331025894e+00,1.379258818788115626e+00,1.551077319193046700e+00
1.000000000000000000e+00,9.344615005441133659e-01,9.815350764228691904e-01,1.095099163342089676e+00,1.121623581741706621e+00,1.279192914549198479e+00
1.000000000000000000e+00,1.051636136868872029e+00,1.052213481902387615e+00,1.122316760864650265e+00,1.195811866637706000e+00,1.151717092327371406e+00
1.000000000000000000e+00,9.259082100718053487e-01,9.165346611740766702e-01,9.372974124185423639e-01,9.224803664916462198e-01,9.058064020468011845e-01
1.000000000000000000e+00,1.058080166369124386e+00,1.017865854053061847e+00,8.968025964452129850e-01,8.050658108688899528e-01,8.033198643950063556e-01
1.000000000000000000e+00,1.013268694543532522e+00,1.048332197586885117e+00,9.944590731215533497e-01,1.047626312349449140e+00,9.217114943890278855e-01
1.000000000000000000e+00,1.071672743665166294e+00,1.005564533278886730e+00,9.699768515364459720e-01,9.260287625826001401e-01,9.688417935731571395e-01
1.000000000000000000e+00,9.605607987478688159e-01,9.151507938811554999e-01,9.053675771828501029e-01,9.842109439767243728e-01,9.216999558891127986e-01
1.000000000000000000e+00,1.040573890790938760e+00,1.068788639056368117e+00,1.023214810579274214e+00,9.879078733035994153e-01,8.635297149005709549e-01
1.000000000000000000e+00,1.073499886967645534e+00,1.171753844765954122e+00,1.174121383788169437e+00,1.093069247834403290e+00,1.139325444196833681e+00
1.000000000000000000e+00,9.897981854430476512e-01,1.017785972660280702e+00,1.104444858554961550e+00,1.005457994552885204e+00,1.079598378114670076e+00
1.000000000000000000e+00,8.972088776284401490e-01,9.391485157478596246e-01,8.940612651532720001e-01,8.738194686340103878e-01,9.161380627623979533e-01
1.000000000000000000e+00,8.595678193208148299e-01,8.190087969476939067e-01,7.955969778376636992e-01,8.063759287121334829e-01,7.928049862801195280e-01
1.000000000000000000e+00,9.389974944421448644e-01,9.134394236954908042e-01,9.600048906956110129e-01,1.030025392707103915e+00,1.010397928087431563e+00
1.000000000000000000e+00,1.034365084353344955e+00,1.096868792376983315e+00,1.034649556028846007e+00,1.001942491261707202e+00,1.152716117280757846e+00
1.000000000000000000e+00,9.046459711645465918e-01,8.976290499869449269e-01,9.503540368049541165e-01,8.768276874223152051e-01,8.887881392035924533e-01
1.000000000000000000e+00,1.009385425965387384e+00,9.762318600633963506e-01,1.009791700159724526e+00,9.274861508777847430e-01,9.565647137299264635e-01
1.000000000000000000e+00,1.031388128526498082e+00,1.092417446664559755e+00,1.191674985769450412e+00,1.285458666716926102e+00,1.220616260202740611e+00
1.000000000000000000e+00,1.038212809473624709e+00,1.106961182572107516e+00,1.088826615685239974e+00,9.795010023420451795e-01,9.214922706541817110e-01
1.000000000000000000e+00,1.043874202128415973e+00,1.022519948146230595e+00,1.010074676249851144e+00,8.413644381149606444e-01,8.522296798453626865e-01
1.000000000000000000e+00,1.111981303586108361e+00,1.035016414031987741e+00,1.103383242331667180e+00,9.861042519222635860e-01,1.028393173730309806e+00
1.000000000000000000e+00,1.030617175693955945e+00,9.826187281432535725e-01,9.517669266030255315e-01,9.017869691651083652e-01,9.100104781599526182e-01
1.000000000000000000e+00,8.538228236052850528e-01,8.587629284027556986e-01,8.049818692423160726e-01,8.997353806863245262e-01,8.602782799465532593e-01
1.000000000000000000e+00,1.017202928465011480e+00,1.101744437104830387e+00,1.097753300456187242e+00,1.109119016123176982e+00,1.177037640128820062e+00
1.000000000000000000e+00,1.121963067339351472e+00,1.064557015210228830e+00,1.001202755371122466e+00,9.652102544014370400e-01,9.180137627897300145e-01
1.000000000000000000e+00,1.102071411899597120e+00,1.101418713954691153e+00,1.187656073949923563e+00,1.119794406996884817e+00,1.142971706077607896e+00
1.000000000000000000e+00,9.418216411788778997e-01,9.281382372105454470e-01,9.692100197813930951e-01,1.104741127640114007e+00,1.047154137191720569e+00
1.000000000000000000e+00,9.217750631025042329e-01,8.294668146285774091e-01,8.445684075001365088e-01,8.569694853923722766e-01,8.298913342415239480e-01
1.000000000000000000e+00,1.042289903485270175e+00,1.173809695572076484e+00,1.156582417811223618e+00,1.112804682407041001e+00,1.123777143016696733e+00
1.000000000000000000e+00,9.213670202322086222e-01,1.035166935079496753e+00,1.029887768173422202e+00,1.095622571375469922e+00,1.063609109108428097e+00
1.000000000000000000e+00,9.253562341142478331e-01,8.112852033460337120e-01,8.633325923109229638e-01,7.864810264653776528e-01,7.763480357447574143e-01
1.000000000000000000e+00,1.041690697895686579e+00,1.003234249242110021e+00,1.142108465350345492e+00,1.166810628914347392e+00,1.159066610350278470e+00
1.000000000000000000e+00,9.953961162959091835e-01,9.764389151851171622e-01,9.688312180341742685e-01,9.147477854244910889e-01,8.741448406438352414e-01
1.000000000000000000e+00,1.035786036126027154e+00,1.013214080756260183e+00,9.485839031060372406e-01,8.815106797688346818e-01,9.007020656706189454e-01
1.000000000000000000e+00,1.135662453380106962e+00,1.151676011620259343e+00,1.097753332196026221e+00,1.036404148392759517e+00,1.018657921836003233e+00
1.000000000000000000e+00,1.031292212027447031e+00,1.008024301567026937e+00,9.863951265534085522e-01,1.003497143184908902e+00,9.677558690366435679e-01
1.000000000000000000e+00,9.842666755257993838e-01,1.094864789817205031e+00,1.039482664968393921e+00,1.091870068598926213e+00,1.161021441663989906e+00
1.000000000000000000e+00,9.476166109483060707e-01,1.028089022935329666e+00,9.880885748292307369e-01,9.207038480915982204e-01,8.763846143731426341e-01
1.000000000000000000e+00,1.144231731724970613e+00,1.099466172210362247e+00,1.021393580040522719e+00,1.000624897275458780e+00,1.089235074068075404e+00
1.000000000000000000e+00,9.907209051208669681e-01,9.146597657589311536e-01,8.308254398505228178e-01,8.147848483259396701e-01,7.666003223963143709e-01
1.000000000000000000e+00,1.163035472539836190e+00,1.124848721513760808e+00,1.199132954171553411e+00,1.183110227052249774e+00,1.226678105705289790e+00
1.000000000000000000e+00,1.038195230180000150e+00,9.978208666076101574e-01,9.913609614260163738e-01,1.050436367578659436e+00,1.055204226958214697e+00
1.000000000000000000e+00,1.054181578150123366e+00,1.140252165862954747e+00,1.255737763574011012e+00,1.395739248640146757e+00,1.284066876958269932e+00
1.000000000000000000e+00,9.825031861373126896e-01,1.036344219062830474e+00,1.004758379209938601e+00,9.384775089508918811e-01,9.240322478955454999e-01
1.000000000000000000e+00,9.445521275474685341e-01,9.966887311761660762e-01,9.016166020622587984e-01,8.352085065571368538e-01,7.432013800037698958e-01
1.000000000000000000e+00,1.004066033554330550e+00,1.022455165943080280e+00,1.019583783284673695e+00,1.081871647342154352e+00,1.179648390944448622e+00
1.000000000000000000e+00,9.456312215972948465e-01,1.018445385644965784e+00,1.004338396020626911e+00,9.377193851699791027e-01,9.586620727330373848e-01
1.000000000000000000e+00,1.005285721531547383e+00,1.191830277290755413e+00,1.349339978624279235e+00,1.249740877074546841e+00,1.221181358259354033e+00
1.000000000000000000e+00,1.002476095701560377e+00,1.008127063412959545e+00,1.099890997232683132e+00,1.113540345676776955e+00,1.064502556421539348e+00
1.000000000000000000e+00,9.973665501858312021e-01,1.010634720405177323e+00,1.051173525435258327e+00,1.055286197117379920e+00,9.605464365432038187e-01
1.000000000000000000e+00,9.962625578673269811e-01,1.008114272354181162e+00,9.610704200889825799e-01,1.001101088238808945e+00,1.089468117750410636e+00
1.000000000000000000e+00,9.982158818619528695e-01,9.583021542874473608e-01,9.151119150933225699e-01,9.077554081900213179e-01,9.580569231620540416e-01
1.000000000000000000e+00,9.565970037347961696e-01,9.126458279262920081e-01,9.526695826594322458e-01,9.694302064591168167e-01,1.067800702293474790e+00
1.000000000000000000e+00,9.734047016439674183e-01,9.414232991684536866e-01,9.481296858607674016e-01,8.797951487932966774e-01,8.849172814414030253e-01
1.000000000000000000e+00,1.003200908734419139e+00,9.897687833473090002e-01,8.961784465805362476e-01,9.506039434748998485e-01,1.017976582285227805e+00
1.000000000000000000e+00,1.082553848148312126e+00,1.095230154581362969e+00,1.099386825898869047e+00,1.033457712641634663e+00,9.484966212334512425e-01
1.000000000000000000e+00,1.031418617028839968e+00,1.003799859160241947e+00,9.750180833512679390e-01,9.889262723381980758e-01,1.073985395736803961e+00
1.000000000000000000e+00,9.938950244697236647e-01,9.682968194143836138e-01,9.535258217015172288e-01,9.255679375885056404e-01,9.951243924845679656e-01
1.000000000000000000e+00,1.046309150009590461e+00,1.039070412932188825e+00,1.025831506111813285e+00,1.025312904991472651e+00,9.691206407441034232e-01
1.000000000000000000e+00,1.034562914368697628e+00,9.859382391079170027e-01,9.922160988096614398e-01,1.001113429991729920e+00,1.071659473942405461e+00
1.000000000000000000e+00,1.005926290228657205e+00,9.012616303493191650e-01,9.514078599128040770e-01,8.860999027947289441e-01,9.168519710708805670e-01
1.000000000000000000e+00,1.059967193018536813e+00,1.292177689020364006e+00,1.420425226200930702e+00,1.437819107957173603e+00,1.483820152781575530e+00
1.000000000000000000e+00,1.071185363415903424e+00,1.049325352370585662e+00,1.124451708705979325e+00,1.091206122118848931e+00,1.157472605424357814e+00
1.000000000000000000e+00,1.074121903804760469e+00,1.094865275957437545e+00,1.038861441815745357e+00,9.910576952582124122e-01,9.533606741056972478e-01
1.000000000000000000e+00,1.069045478890128020e+00,1.073045300252384093e+00,1.065964747798649803e+00,9.948344278950665975e-01,9.562046547628119120e-01
1.000000000000000000e+00,1.016266620497747297e+00,1.154867106250748954e+00,1.074750812036513015e+00,1.035753081256362007e+00,9.579236188621563786e-01
1.000000000000000000e+00,1.084290547191137710e+00,9.659539334064951577e-01,8.945771820869392599e-01,8.212347618903721447e-01,7.893480371765343451e-01
1.000000000000000000e+00,9.922403278048472774e-01,1.018437489360345394e+00,9.239737737582588428e-01,8.542859352440946852e-01,8.453196538018911133e-01
1.000000000000000000e+00,9.622631082238616296e-01,1.006279808335085679e+00,1.050583103841688626e+00,1.142474605778086350e+00,1.002827195819092632e+00
1.000000000000000000e+00,9.408605510747082290e-01,1.011834987657746598e+00,1.026672765777961072e+00,1.279440607801584973e+00,1.340502212704288487e+00
1.000000000000000000e+00,1.128154434760019864e+00,1.233563025114312817e+00,1.179588663452481256e+00,1.308995705878208682e+00,1.128990418263399631e+00
1.000000000000000000e+00,1.060011721459943157e+00,1.082318166538305038e+00,1.052852095583618253e+00,1.198405878109794598e+00,1.060204542100769531e+00
1.000000000000000000e+00,9.814353577039287568e-01,1.019627317768420083e+00,1.109767724222305629e+00,9.550658199893579114e-01,9.081288040098456360e-01
1.000000000000000000e+00,1.072558660318055024e+00,1.075705361031140006e+00,1.036549747709282210e+00,9.660690485572803743e-01,9.749735601635806104e-01
1.000000000000000000e+00,1.041283753436408555e+00,1.028667265663306019e+00,9.956745261279201786e-01,1.064090968682477101e+00,1.031333855412151612e+00
1.000000000000000000e+00,1.033432705228451542e+00,1.058640577485973511e+00,1.120399480287320282e+00,1.044152324881183036e+00,1.053670448500578782e+00
1.000000000000000000e+00,9.906991914827766310e-01,1.048123287580800200e+00,1.104582132799182936e+00,1.130328995627791988e+00,1.239026513966428045e+00
1.000000000000000000e+00,1.028972376134258182e+00,1.070421125371705084e+00,1.111151431766602471e+00,1.106567447031555407e+00,1.202103929861569664e+00
1.000000000000000000e+00,9.500963238287469803e-01,9.146469052304189162e-01,9.485105379289570093e-01,1.044942633360373963e+00,1.100689211542262402e+00
1.000000000000000000e+00,8.832317748638670585e-01,8.739175192728071417e-01,8.629248491264616128e-01,8.833399598223218296e-01,8.712042131568974446e-01
1.000000000000000000e+00,1.054399984393248557e+00,1.008987179285613989e+00,9.462245630531685991e-01,1.018292950812314190e+00,1.116414708444265047e+00
1.000000000000000000e+00,9.077865853810558328e-01,8.655200824457651709e-01,9.373891841014627690e-01,9.912198485253047586e-01,1.095485567343018607e+00
1.000000000000000000e+00,9.467576987574407577e-01,1.038353495637841961e+00,1.029461698157186245e+00,1.007691397594196347e+00,9.465345169531836911e-01
1.000000000000000000e+00,1.002131369035472952e+00,1.095119878535789404e+00,1.084785246361370525e+00,1.108341183705591870e+00,1.287329774930344506e+00
1.000000000000000000e+00,1.001441027568698239e+00,9.966628000963049239e-01,9.705295210218242152e-01,9.642012743341500380e-01,9.217608095973881532e-01
1.000000000000000000e+00,9.340993336768541599e-01,9.398785002467977545e-01,1.059833517995592667e+00,1.081701361124968397e+00,1.033080032367797330e+00
1.000000000000000000e+00,1.010606533014919206e+00,1.022355327791392821e+00,1.074723792569114433e+00,1.126378889333533362e+00,1.046871756043283419e+00
1.000000000000000000e+00,9.849953909326339963e-01,1.000388740715177693e+00,9.382501303292617445e-01,8.948557171679261124e-01,8.669560622422801677e-01
1.000000000000000000e+00,9.451162574099113423e-01,7.756182554884095692e-01,7.701897206478918179e-01,8.189115239946360703e-01,9.147774641812500551e-01
1.000000000000000000e+00,1.081802031651921014e+00,1.096075600501730474e+00,1.100097640334107618e+00,1.047720333077889920e+00,1.081674090269268973e+00
1.000000000000000000e+00,9.592613214616307893e-01,8.820708301210398172e-01,9.029748296524146012e-01,8.540214818293683230e-01,8.680932110729123741e-01
1.000000000000000000e+00,1.026049022484555318e+00,1.070070165361398651e+00,1.082188050904227428e+00,1.064630202041537466e+00,1.139051779747952464e+00
1.000000000000000000e+00,9.686910974707830801e-01,1.023969027012788358e+00,9.451639288788589166e-01,1.076283467318513987e+00,1.114051976508701358e+00
1.000000000000000000e+00,9.582070584126167745e-01,9.726855520083815820e-01,1.013684080734970072e+00,9.357305258525365765e-01,9.474538015129156943e-01
1.000000000000000000e+00,1.020758228008719737e+00,1.021258886605916016e+00,1.046373264205485709e+00,1.053314204603817528e+00,9.704106832067028732e-01
1.000000000000000000e+00,9.274057479589595809e-01,8.282466051358224890e-01,7.877120135333393058e-01,8.059838752231864856e-01,7.456613982723667711e-01
1.000000000000000000e+00,1.050517312407795112e+00,1.040881184355197719e+00,1.020862918057953150e+00,1.028223695230106927e+00,1.020672102381759316e+00
1.000000000000000000e+00,9.991392345979416278e-01,1.002912196351005258e+00,9.232682656644832786e-01,9.276125544831050895e-01,8.934234250354605722e-01
1.000000000000000000e+00,1.071918182100975336e+00,1.194368121125207738e+00,1.229799404094800597e+00,1.294855806019003408e+00,1.249817268697654082e+00
1.000000000000000000e+00,9.124061165906168780e-01,8.493646600633979471e-01,8.038322968298700077e-01,7.962956318758216412e-01,8.824893105035407359e-01
1.000000000000000000e+00,1.004267131641982891e+00,1.081826642664968752e+00,1.114807967600864647e+00,1.088632193741361665e+00,1.137245097469591792e+00
1.000000000000000000e+00,1.084627494646226209e+00,1.108062300081947837e+00,1.201673623385393075e+00,1.268015169966072220e+00,1.331643516403075100e+00
1.000000000000000000e+00,9.492692024908598869e-01,9.559765634329734363e-01,8.936036080626899025e-01,9.366546665484374312e-01,8.557332068381146017e-01
1.000000000000000000e+00,9.605630510915749154e-01,1.009098693761972143e+00,1.004696135643279753e+00,1.022616347625739719e+00,1.031264090789031362e+00
1.000000000000000000e+00,8.782796075370694622e-01,8.248872737716046455e-01,7.775289313067048624e-01,8.164820576907222405e-01,8.415575253261764477e-01
1.000000000000000000e+00,8.599255665257706793e-01,8.825020687151339249e-01,9.561644848808973363e-01,9.627340054432936833e-01,9.045416995330601839e-01
1.000000000000000000e+00,1.052372820474919202e+00,1.117992583360536196e+00,1.195093093816944618e+00,1.131238842527003019e+00,1.196425260016363623e+00
1.000000000000000000e+00,9.377568094630467366e-01,9.689166295978500765e-01,9.638398389366772401e-01,9.973638390269037313e-01,9.853853410592858797e-01
1.000000000000000000e+00,1.122205700101931880e+00,1.085042404632812429e+00,1.111715512150076357e+00,9.567798607348763085e-01,9.268449134800109679e-01
1.000000000000000000e+00,9.985724493996174234e-01,9.956289594453703318e-01,1.048383660387537608e+00,9.484391252573652897e-01,1.023728899050944996e+00
1.000000000000000000e+00,1.019378684417890701e+00,1.003331863754456821e+00,1.062201714511378237e+00,1.146562003073831271e+00,1.130589669037867395e+00
1.000000000000000000e+00,1.062524243815758052e+00,1.061393819930619209e+00,1.080274084131305434e+00,1.051776300075804249e+00,1.174112287933534837e+00
1.000000000000000000e+00,1.028867313603548217e+00,9.691586874723574496e-01,8.300535433176798872e-01,8.168487943909328308e-01,8.475937721748778575e-01
1.000000000000000000e+00,9.760384011787299752e-01,9.738167572812931327e-01,1.024512796753020316e+00,1.017644888214047194e+00,9.488365541045502560e-01
1.000000000000000000e+00,9.004729769791389726e-01,8.902758543237606625e-01,9.210869461417203752e-01,9.067570156281532512e-01,8.261833923780267375e-01
1.000000000000000000e+00,1.073038741044180622e+00,1.092667717276249784e+00,1.069049197416118924e+00,1.069287857149765930e+00,1.032650368553923004e+00
1.000000000000000000e+00,9.681264389801393921e-01,1.019721233917162406e+00,1.106172006814888809e+00,1.112138940011617283e+00,1.166030382904735596e+00
1.000000000000000000e+00,9.160238413796297774e-01,8.942824645525662142e-01,9.565535179071918970e-01,9.252008938873094168e-01,8.643972749041118897e-01
1.000000000000000000e+00,9.451214207912295162e-01,8.743628835210990324e-01,9.243395904291458187e-01,9.543759022537287029e-01,8.977067669394406257e-01
1.000000000000000000e+00,9.956718741557818442e-01,1.007282080509540600e+00,9.664034809941576265e-01,8.574024695100070925e-01,9.390696631663927318e-01
1.000000000000000000e+00,9.940560871580520486e-01,1.012729323049278207e+00,8.859483481074783562e-01,9.153725402089353258e-01,9.706389333335345704e-01
1.000000000000000000e+00,1.022560841892820926e+00,9.744983221328741285e-01,1.028475947169930294e+00,1.055272373953789034e+00,1.016073296133246595e+00
1.000000000000000000e+00,1.099301167208333707e+00,1.080196394761967493e+00,9.839965094970085646e-01,9.994043526336102712e-01,9.937362105913504218e-01
1.000000000000000000e+00,1.088732848382588658e+00,1.182472031073267038e+00,1.117337081841156987e+00,1.078684003044703799e+00,1.132992691873135449e+00
1.000000000000000000e+00,1.074893607255098082e+00,9.427563455466990705e-01,9.313662349823965680e-01,8.996981390730346417e-01,8.616136502298239463e-01
1.000000000000000000e+00,9.509510563547225459e-01,9.344633422917263399e-01,9.283442650920896710e-01,8.776483130590757575e-01,8.875550919380668091e-01
1.000000000000000000e+00,1.084530600475108075e+00,1.216506585350586311e+00,1.153138142112367426e+00,1.120838603091817820e+00,1.223271967929941972e+00
1.000000000000000000e+00,1.099952243904483762e+00,1.162549050827555108e+00,1.168681045042884836e+00,1.298809874662634423e+00,1.368756039909028388e+00
1.000000000000000000e+00,1.022786694261664575e+00,1.026869615115117096e+00,9.783161442912071681e-01,1.135465503828029910e+00,1.193719656466956547e+00
1.000000000000000000e+00,1.033174811808046156e+00,8.839819243038341545e-01,8.287449560858379805e-01,8.058747746449104188e-01,7.709386144852103939e-01
1.000000000000000000e+00,1.031257691645577346e+00,1.098399990623134315e+00,1.078163018705646348e+00,1.011898483438320895e+00,1.093575876878777331e+00
1.000000000000000000e+00,9.878147366674956409e-01,9.576775424845379581e-01,9.856988099281169813e-01,1.041132074287957732e+00,1.021068453651686969e+00
1.000000000000000000e+00,1.035922128108171414e+00,1.008751116537983661e+00,9.665683440016851202e-01,9.069462276238208220e-01,9.259672108059242568e-01
1.000000000000000000e+00,9.276053441458292914e-01,9.360856365197215423e-01,8.440230174935930973e-01,8.027340285497190919e-01,8.617584396338502373e-01
1.000000000000000000e+00,9.834702821025883557e-01,1.156538630055140571e+00,1.105371855029847472e+00,1.074777391124458026e+00,1.042451942090097949e+00
1.000000000000000000e+00,1.059612087037541395e+00,1.158041459982884991e+00,1.147935549148154433e+00,1.130533625105871964e+00,1.078267887574202888e+00
1.000000000000000000e+00,9.813771483548482388e-01,9.083315854651125010e-01,1.000891243170295208e+00,9.895910254267024087e-01,1.053440826044123479e+00
1.000000000000000000e+00,9.718896647003086864e-01,9.815915315920918927e-01,9.501088989332071577e-01,8.400277189190802352e-01,9.443320050998473825e-01
1.000000000000000000e+00,9.957392282365606917e-01,1.165279081536549688e+00,1.051462129659565425e+00,9.974251151561223105e-01,9.097348212438358672e-01
1.000000000000000000e+00,9.547975252833049709e-01,9.273553743258213800e-01,8.749213794283776657e-01,8.352376258149718513e-01,8.521666406408805461e-01
1.000000000000000000e+00,1.066167688807235336e+00,1.063670164180386513e+00,1.028463036813791476e+00,9.688252762462908896e-01,9.656155930908292273e-01
1.000000000000000000e+00,9.226272801802639645e-01,1.011442178703710226e+00,1.075973766297093404e+00,1.050337979148585177e+00,1.025693001698919415e+00
1.000000000000000000e+00,1.035880544280468163e+00,1.002144011931042078e+00,1.040510333562375100e+00,9.300545684986614159e-01,9.377771339179431509e-01
1.000000000000000000e+00,9.650813539322913304e-01,9.139381319945937276e-01,9.023285519743227123e-01,8.502644389982578765e-01,8.223267676901354628e-01
1.000000000000000000e+00,9.589523435673574792e-01,1.023519687444495618e+00,1.058855995864021793e+00,1.109697811364944053e+00,1.131536308025251403e+00
1.000000000000000000e+00,9.520618194444070426e-01,9.590668377125796118e-01,9.563085840084746270e-01,9.864632870065678238e-01,1.003423062467926341e+00
1.000000000000000000e+00,1.027613315940581806e+00,1.083198312012718434e+00,1.065141227611371644e+00,1.021702627260778318e+00,1.042231821528112112e+00
1.000000000000000000e+00,9.754444327317749464e-01,1.056464110534764966e+00,1.090923073342784155e+00,1.018837247781316124e+00,1.014512245912792210e+00
1.000000000000000000e+00,9.543502409121444874e-01,1.019443574192979485e+00,1.038993221507830578e+00,1.079694736208491879e+00,1.108920089488057759e+00
1.000000000000000000e+00,1.041026526348401093e+00,1.144170259338995521e+00,1.140930794543947080e+00,1.144018000289735326e+00,1.045017821419312432e+00
1.000000000000000000e+00,1.021536338016890921e+00,1.062022303691088077e+00,1.105820754932921979e+00,1.147145738214983668e+00,1.223913621358477366e+00
1.000000000000000000e+00,1.067193092766227203e+00,1.056563783349677488e+00,1.074152898106671916e+00,1.057985251232073320e+00,1.051977297955683621e+00
1.000000000000000000e+00,9.715941339171236812e-01,9.998599515738965104e-01,1.013087219893747948e+00,1.020316830500817229e+00,1.112508450536096927e+00
1.000000000000000000e+00,9.774301568987772137e-01,9.339478033634048826e-01,9.354227840229135671e-01,8.694666224937777077e-01,9.287705548948251844e-01
1.000000000000000000e+00,1.003992563382840375e+00,1.110346099273422649e+00,1.153805662058658088e+00,1.217686604812936668e+00,1.267797930581516130e+00
1.000000000000000000e+00,1.077362499136202523e+00,1.113332923033074628e+00,1.069611765087081778e+00,1.189749652176023131e+00,1.375394134774429622e+00
1.000000000000000000e+00,9.649185077906453634e-01,9.969995522584378378e-01,9.439834977230805446e-01,9.219850698636093966e-01,1.015816931682238744e+00
1.000000000000000000e+00,9.636647348960284409e-01,9.815113505298429519e-01,9.973671347213495242e-01,1.025215515680292233e+00,1.068813758704241446e+00
1.000000000000000000e+00,1.025106323715588630e+00,1.040233718115132433e+00,1.060052412497065610e+00,1.050662044399562900e+00,1.113110938783007597e+00
1.000000000000000000e+00,9.793941417972220620e-01,9.951305091822192361e-01,9.763874227767274094e-01,8.957849249382748846e-01,9.358638535667644920e-01
1.000000000000000000e+00,1.115904154550637184e+00,1.115266190241305466e+00,1.023511465186278668e+00,1.033341663819011380e+00,9.782894659617691335e-01
