,Run1,Run2,Run3,Run4
1,-0.10895023042074392,-0.1442322509249223,-0.10082856138786056,0.1663126175353522
2,0.3577661236179388,-0.12636636095877662,-0.13074142896761032,-0.09064002121208503
3,0.058718420969729124,-0.018274741181954823,-0.017904532276023843,0.1534804689421172
4,0.4502667431240184,0.03039204116595684,0.011100723365117915,0.12462018584025358
5,0.4729182527881477,0.08900864991147373,0.061368702888930926,0.2159802713277017
6,0.026490428835116653,0.07389971631695591,0.08880643684729339,0.12379497097680314
7,0.15051592891385646,-0.05788815399830316,-0.04878444514213509,0.030856752909192764
8,0.04343648528157118,-0.031041949656211543,-0.03243617903639162,0.15909378080722192
9,0.15929121767113585,0.048796723468123915,0.07267287472054207,-0.024314353200420413
10,0.11693557730636428,-0.01694287373496195,0.023340444266292337,-0.0279062021775065
11,0.1859065422908337,-0.014922650522898095,0.0017541010024828552,0.12808785241324827
12,0.0744532144653327,-0.005338482725150584,-0.003004704037101291,0.14596181287912913
13,-0.14190719874659052,0.04992904844373314,0.03054421998930934,0.10027704574239138
14,-0.2877705803702604,0.03860709900298254,0.044079666085465874,0.21812089874849505
15,0.13057184417217726,0.0375946541486627,0.049179928683754426,0.09252019472504003
16,-0.06839095913473336,-0.07370364299751486,-0.05656353893774657,0.16643785903531594
17,0.007252840577290698,-0.061865418653161086,-0.06702057255271754,0.1674486441822154
18,0.12428668746182048,-0.022642042163962373,-0.010665300682776824,-0.016528884048712555
19,-0.058393251637758326,0.04294663827862255,0.06652614095729259,-0.08923158230430062
20,-0.05167163630365579,-0.08773688473897856,-0.06951502876819049,0.15802569507038378
21,0.06103994371770405,0.0801865637667909,0.09529480743447216,0.14068325818657268
22,0.1258424280419339,0.07928220565865374,0.0948589631020944,0.16442579986309624
23,-0.17413378351880748,0.03241854268934308,0.06091511775336045,0.010050701267992679
24,0.4770518528578833,0.11548328785621464,0.08265728417289608,0.2627947184968136
25,0.15899909266271806,0.04552742266348453,0.0714924855601975,-0.04934428075364394
26,0.08495422708669054,0.14516674034931043,0.114480396491345,0.34360901869025895
27,0.11941839712698421,-0.017701808444890332,-0.0052666684657101115,-0.024772722519835533
28,-0.14457379121016878,0.03702396882083914,0.06435429954566452,-0.01138899112742564
29,0.06748273769525959,0.01795376596708209,0.03448245659779303,-0.10685241019995395
30,0.17323030165422892,-0.08382916345843405,-0.06675146956218914,0.08027353984698937
31,-0.5007698339913738,0.0808275149947022,0.07525163875325092,0.20293059181851802
32,0.018625436567234033,-0.00527476046691433,-0.032302974151843244,0.0053561238605475125
33,-0.34657841588672333,-0.012051298544113465,0.022426140889992396,0.09914834343190293
34,0.13281889215743625,0.0036513058899707573,0.0406292832078492,-0.07190094941077518
35,0.46740601136240656,0.07115420674982786,0.046379272439732944,0.1868891958251062
36,0.000791129787611311,-0.06744009012754049,-0.07321762808551391,0.1683574767978513
37,0.1348182084261733,0.07683296121703087,0.09249118325869343,0.1662621279965073
38,-0.05835337257530959,-0.11918459270255433,-0.13015428147149066,0.1707006883338913
39,-0.1984908059945596,0.061884914600021546,0.04492838981310854,0.1248510396237883
40,0.13067109592393678,0.0007967983139565149,0.03827063400687969,-0.0650659988081621
41,-0.3319848018358087,0.07843027918266898,0.06678953975405122,0.16901867382112457
42,-0.33109335811943197,-0.020563068927172523,0.014705149862209055,0.10829663050391147
43,0.15715446291156887,0.050859775196579804,0.07178916573445271,0.008445717332975278
44,0.0661102306121748,-0.029358294006936347,-0.05892212145893794,-0.03190314993082666
45,-0.22177282438219148,-0.02268947873955085,-0.008864249619286113,-0.029687770825161053
46,-0.018882506050015735,0.01092989688185142,-0.014195318472182805,0.0314492792259351
47,0.3934584281806224,-0.07098582878592907,-0.07993115286378938,-0.017334861016269798
48,0.11656564191478225,0.08098519752307531,0.09648366514077811,0.16201023302345874
49,0.15872721458745787,0.05006284978518494,0.07265490534509489,-0.009671535173817247
50,-0.13985982597421653,-0.12014267636012477,-0.07803287986011753,0.16150636265968288
51,-0.005451060710601752,-0.13337021201571986,-0.1056063314407556,0.12918179460359447
52,0.4750343270563171,0.13150593895889173,0.09449224354346697,0.29524157328506107
53,-0.05189752568501049,0.023380363472000454,-0.00013404278967144023,0.052269948908964636
54,-0.07862484828503113,0.03233127345168896,0.010080921007769916,0.0677892270615601
55,0.442983335367245,0.015614071094894655,-0.001937523375850958,0.10301898899943751
56,0.08453606510915179,0.0028120054382778648,0.006501610843514527,0.13998837234067452
57,0.1381185456294709,0.010827512741119705,0.04648882135245458,-0.09045347279654692
58,0.3870796051664165,0.1408903092120255,0.08128115292381821,0.39324575499634307
59,0.1564101107843996,0.05091393518814158,0.07128305606876317,0.014336322788043532
60,0.1450550951816716,0.02061904673414361,0.054277178290806916,-0.11980557592358565
61,0.09835326530393473,-0.04002049084714088,0.003416922118985255,0.010649648635336462
62,-0.5194565073583242,0.07868035481711289,0.07459352353985338,0.20852091513525295
63,0.02160495334247159,0.03381743772442558,0.05323159721766135,-0.17397816784196163
64,0.13209642920207187,0.002688053453130834,0.039834978789571096,-0.06956282620776832
65,-0.1286873989499835,-0.12850797701245398,-0.08593854212615248,0.16340592319311753
66,-0.3209261253730009,-0.02425174819104292,0.011342440390858854,0.11188766235806114
67,0.135642756446531,-0.03583239341167843,-0.025002821688535626,0.003274696774950847
68,-0.2470919243605234,0.02508222261534243,0.0324614526239877,0.2145035626133005
69,-0.03875619829199728,-0.10191328789575493,-0.11125104890323101,0.1709718624770673
70,-0.2768576311399258,0.035219765447667584,0.041195359137734755,0.21734742855325528
71,-0.3952169974924349,0.063913296128014,0.06471615854844615,0.2191620376550123
72,-0.2577338760895769,-0.04065190205757219,-0.026955009728924395,-0.05440155174540795
73,-0.35222197224848273,-0.09055417192324366,-0.07717519281411267,-0.1210281436418752
74,0.2263551120718006,-0.15144830851094326,-0.19101505587582324,-0.20597106274038524
75,-0.25639606343928456,0.028397566597551105,0.03533289379330462,0.21551226658771405
76,-0.10697791661429434,-0.1458739881965201,-0.10238527563974031,0.16656965443281635
77,0.11292531412504303,0.024913653556509985,0.03301490396653861,0.11613299754755779
78,-0.18226773503901939,0.05879200720770328,0.04115113136388615,0.11820205761019054
79,0.2831906135488431,-0.217915669441755,-0.23052443026261926,-0.22793067304300507
80,0.11537070420399509,-0.018919950030671373,0.021652587052464867,-0.024231712745157452
81,0.14671544274414217,0.02306039769245949,0.05617054444759262,-0.1280722740457847
82,0.10367073268453364,0.08225022790192682,0.09764772998049764,0.15796381333739973
83,-0.08193503828458759,-0.06313483613321758,-0.04684292671634971,0.1725992153475655
84,0.13878165440687695,-0.039967039211618705,-0.02947739442513697,0.008916743725836618
85,-0.5309529887147799,-0.192859729004367,-0.18002569132317747,-0.25200119666000065
86,0.10921141583791183,0.022115408155331195,0.02957419802338279,0.12002739713824084
87,0.15404631839055583,0.03470540259215937,0.06478857497661217,-0.10306550324808583
88,0.12986644942750303,-0.0002658013611593901,0.037389025121528974,-0.06259189773075668
89,0.08110790319530636,-0.037893933083864795,-0.06829152864312249,-0.04477127534843106
90,-0.47412870523620754,0.08160881088704741,0.07511673958510201,0.1989510884545247
91,0.17475642741398545,0.04556787025292497,0.061733797890491715,0.16170568379970884
92,0.15618501744096314,0.050909819411304014,0.07112389314537104,0.015947365361187238
93,0.15704133909789952,0.05087587241713365,0.07171459604732,0.009406310574657795
94,0.0200826228498876,-0.05085462279850894,-0.05473349939053129,0.1651641940685522
95,0.17215526833508044,-0.08755156447633361,-0.07045499388185661,0.07754417705690297
96,0.07048132413168773,0.016517077292485638,0.03283848664031286,-0.102327448892785
97,-0.10473579639923969,0.1263028470951184,0.11315706734221465,0.2651074639724129
98,0.47571295539381353,0.12909629632767405,0.09279948561192697,0.29002029572943755
99,-0.10346037587313361,0.03981292535199543,0.018707547060600405,0.08122047673737143
100,0.0541461967534147,0.023675487773382464,0.04109486073000923,-0.12674774458990257
101,0.17725523316758007,0.04075842314636269,0.05697646129502587,0.15963759161414437
102,-0.33616107942855855,-0.018777458436751715,0.01632953104177126,0.10648159199630669
103,0.14874511260266488,0.02611795783351667,0.05850689357283834,-0.13567256409389827
104,0.09637245800731087,-0.042437555356166,0.001305954002404519,0.014213945624868884
105,-0.1883510049327306,0.05998220112668662,0.04259901881295747,0.12073129734954335
106,0.2981937732755249,-0.21279152562572534,-0.21093321193727732,-0.20151262308199946
107,0.1688823481407269,-0.09830411797660421,-0.08115421486588215,0.06959726396929966
108,-0.4005607106643172,0.08159761486555084,0.07249868638342605,0.18539395198874686
109,0.45128126643251676,0.15126774309915092,0.10415288069609474,0.35462033938907567
110,0.07247482843999364,-0.0711423622352072,-0.024025935269492038,0.051418571235636534
111,0.1834360674249318,-0.0383267639559115,-0.021500747944787513,0.11253603065629658
112,-0.13626283850327514,0.03811139770431815,0.06510413915957791,-0.01784076500256404
113,-0.29743381653626244,0.07555231402011486,0.06258549411314362,0.15925003305092744
114,-0.05635622011095265,0.04292122108113183,0.06640433582292093,-0.09140958036008762
115,-0.4928550246747889,0.027892432918633858,0.044494186629222554,0.06555587101470195
116,-0.09737792177519111,-0.1538702273311312,-0.11015149854526918,0.16772883446358122
117,-0.1683377578759373,0.033408099352945975,0.061680045497398694,0.006023738975812876
118,0.09628305442499396,0.012134604273848382,0.01752526391678977,0.13159073564261803
119,0.15883042146937143,0.044922109017077716,0.07119353860726818,-0.05314107991989658
120,-0.13337833667815957,-0.12495050535063257,-0.08257511992823474,0.1626297907228036
121,0.08846119785910922,0.08245005156964602,0.09773767929628718,0.1523835249122678
122,0.18198942882867009,-0.04690321255924523,-0.03002635839971468,0.10663400234501719
123,0.1244289474096476,0.03331926433798493,0.04359421752004344,0.1018946947801922
124,-0.4697957677966613,0.0816978836704152,0.07505545533190627,0.19825886509394053
125,-0.3074845219216309,-0.02935270734761275,0.006677707682724687,0.11652871795109832
126,-0.06891611734864078,0.04293845843267796,0.06700936187469253,-0.07826556858255884
127,0.13845038529203535,0.07557063328210933,0.09126375492995997,0.1668357484172649
128,0.14167464353297277,0.044719142933489664,0.05909576734362254,0.07056661171996836
129,0.15101439798676175,0.049540957014496456,0.06708755824121404,0.04236611846888039
130,0.15036675320233783,0.049270931415277275,0.06655257915349644,0.044856168426093745
131,0.06172626120306557,0.0802768493789836,0.09538934297152935,0.1409971177417919
132,0.07318526166547912,-0.07029924854193226,-0.023275915767863253,0.05044255204335535
133,0.1822517078453636,-0.04545405659589008,-0.028585665302312435,0.10763795601165249
134,-0.06865407207994423,-0.07349177011830044,-0.056368374155251644,0.16656291208994034
135,0.4386461361520517,0.007203925994865301,-0.009402209797855221,0.09090073764480167
136,-0.18375441282262273,-0.09058585942045383,-0.05020405735597855,0.1524727930269858
137,0.15582364551562478,0.037946093581831875,0.06700250838599864,-0.0891288651479254
138,0.1517633763165307,0.04983442525315063,0.06770063150105265,0.039330194776594496
139,0.14523717091068988,-0.08030705945425609,-0.11447937450657975,-0.1067988730583238
140,0.19138829938007262,-0.11793982613887977,-0.15508054362815216,-0.15985626788568652
141,-0.07979565776733821,0.04269548244329613,0.06726348260765569,-0.06740714616195831
142,0.1593466114619062,0.04753457643344383,0.07233516969416165,-0.03520660476738513
143,-0.3338521412941624,-0.007950179231075438,0.026124166098009383,0.09424737511202252
144,0.05837138735362757,-0.08777685509007327,-0.038884535844756485,0.06948639428189374
145,-0.1295428253208879,-0.12785428654004605,-0.08532035465809074,0.16326674383100936
146,0.14982786001863957,0.027789389156652078,0.05976527952927846,-0.12969835334038038
147,-0.011599460481342305,-0.07817894365698841,-0.08511540952000729,0.16969141612161565
148,0.08549415462607968,0.008374425295255783,0.02361366995284442,-0.07934578992432328
149,-0.2761267796812703,-0.042306862437598625,-0.005233979761094076,0.12685544191233866
150,0.1281650077482439,-0.026864835437579337,-0.015266697125187356,-0.009862611300825996
151,0.07189186517472379,-0.03259251341384228,-0.06247576601127136,-0.036797189457246304
152,0.18304269006687068,-0.04081704367694616,-0.023976075986404943,0.11083230741074068
153,-0.023800225198211677,0.06010263261636073,0.07474914066661853,0.09630900286966604
154,0.2148002911958926,-0.13983744277611976,-0.17858344672172066,-0.19009539049369906
155,-0.40322691719725867,0.05543445033415395,0.06566115450583965,0.11477296364087408
156,-0.17079935422878734,-0.09879663750916201,-0.05791689468216177,0.15538226285162793
157,-0.3779109850547524,0.08090754250346066,0.07098170196324105,0.18040701918614488
158,-0.1522462871137158,-0.11128825180498225,-0.06967816164676321,0.15920110955283384
159,-0.0025242628913879628,-0.13666162834639017,-0.10256025212599695,0.12702696853307138
160,0.17721274602775594,0.1414604415444245,0.10092035320824522,0.3734053070211374
161,-0.48809805191423195,0.07617689376219516,0.07328118892894508,0.21220687174188768
162,0.10113075934855331,-0.05005862944374684,-0.08159660656611933,-0.06286170513748246
163,-0.9232325716051122,-0.12984764569729634,-0.0852512580046394,-0.18736555377809339
164,-0.10027190964154098,0.03220995475096,0.04651007674838237,0.05019414505402775
165,-0.6747790939727669,-0.2804647605355153,-0.2680315996360112,-0.3606949781391875
166,-0.6940416296592735,-0.292473487507364,-0.2800920489123224,-0.37542463781498325
167,-0.2824653585437593,-0.03956418142537821,-0.0027049415891973183,0.12482695027086521
168,0.048232688414348246,0.025893017704260224,0.043692392352232545,-0.13545950381027616
169,-0.3188078368721765,-0.025038441902651698,0.010624088369667106,0.11262720750346844
170,-0.21065186952570514,0.010703992727691514,0.019870806223346804,0.20941410375549907
171,-0.2861098870507739,0.006412230614401437,0.038926578695051006,0.07377119078670802
172,-0.006669082094781231,0.039188576100123385,0.060175132934269904,-0.15089653378978163
173,-0.07337209567375425,-0.1324908481304785,-0.13104565106888977,0.1699111172900558
174,0.12427963647994034,-0.007554781380893161,0.03129435704740047,-0.04654309375489696
175,-0.46658357097081904,0.08175692889088992,0.07500278668550564,0.19773741461292715
176,0.14642684405129103,0.04738141524773809,0.06322442110795023,0.05795328370257202
177,-0.1042751057118565,-0.047100027236044895,-0.03215799209392323,0.18161970958569107
178,0.01852283003931987,-0.13395702026825163,-0.08062217888140566,0.1101165658137866
179,-0.08599545279550469,-0.14371709036523406,-0.11978486701723234,0.1688965984004085
180,-0.0463764320395299,-0.10861603575235357,-0.11859754341512563,0.1709751573220828
181,0.11693468471815738,0.08093133586455359,0.09643281894546885,0.16211500452253524
182,-0.33174188771907254,0.05062832325558375,0.05413129759338453,0.21990758225917162
183,0.18603408145888878,0.0009731089912996538,0.01753742734871988,0.1380688893161155
184,-0.276536648109186,-0.04212754378721684,-0.005068522139097809,0.12672520954065192
185,0.15737796126589032,0.041128598460746346,0.06904260735315937,-0.07404568045373594
186,0.15012099877793617,0.02824757085581986,0.060107660166462296,-0.12803384791098082
187,0.18590175946488596,-0.015013845463602848,0.0016635222117056259,0.12802907100291172
188,-0.3812754899141275,0.08103160499543449,0.07122936185789186,0.18117332747065618
189,0.09587787710524154,0.01181664594903964,0.01714610908004488,0.13191027410144507
190,0.09601529344245208,0.0015863823558177614,0.01601668747522833,-0.06286779400128228
191,0.05308775660238574,-0.02295794810383711,-0.023252515155313347,0.1557223713325726
192,0.05709707375333739,0.07963869202237106,0.09472272811324878,0.13886190901120976
193,-0.512932009398277,0.0782213652073196,0.07438018502060117,0.209338395547622
194,0.10196351433268624,-0.035596668842945434,0.007269907135981413,0.003918872083390923
195,0.14539067334125022,0.021108677498796524,0.054658719274204515,-0.12142810352459854
196,-0.5152383489011925,0.08023879425794433,0.07515466902392376,0.2048971433500668
197,-0.266091794524705,0.03170881088030697,0.03818660483756098,0.21644604345602225
198,0.0871524412224467,0.0049059380744918,0.008962111777153225,0.1382636868367122
199,0.08950740202779617,0.005900499154038563,0.020836567656687954,-0.07310001839948121
200,-0.1449316526994764,-0.02177316797192219,-0.009152164483596792,0.19488585574647033
201,-0.1843982075820918,0.05921303375304987,0.04166255566524768,0.11909281553497308
202,0.10569895526221629,0.08212499263039419,0.09753784964964662,0.15864634873076877
203,0.17377400518534714,-0.0819040054459288,-0.06483616182449836,0.08168050875011978
204,0.10347649539730952,-0.05154415777370147,-0.08321787380505441,-0.06505256983607666
205,-0.013627327860381122,0.06324722100708602,0.07794384346613548,0.1020899380982927
206,-0.16919229032084004,-0.09984375434948767,-0.05890157010778907,0.15572961712861755
207,-0.3467155197387761,-0.01209606922606099,0.022385685371700603,0.09919994101948859
208,0.1637490307777334,0.059913797334507635,0.07589894651760432,0.16654147760217697
209,-0.09485508392068276,0.04199239942483857,0.06723133907953738,-0.05312649209971898
210,-0.16369525605952262,0.03417110929710354,0.0622617485255077,0.002737717375207893
211,-0.41295928626195355,0.0668670499805124,0.06694190860783067,0.21833288537068185
212,0.030161333264736356,-0.12057247563694418,-0.06846273027191074,0.09956178166573793
213,0.1762674199770622,-0.07264113857312804,-0.05562156361652626,0.08840412703231415
214,0.14807770780296536,0.025102529407064367,0.05773565314742157,-0.13535154292564933
215,-0.23956918773212088,-0.03149822192682361,-0.017737077819649727,-0.04186780633529352
216,0.06763487598278495,-0.01091472598667842,-0.009452453500514935,0.14946423085255134
217,0.15486162294050487,0.05075119534130401,0.07014801719585328,0.024302223974029147
218,0.12586219191656411,0.034332557037039635,0.0449021660545359,0.09983849640152975
219,-0.006729819271956039,0.06528628375991286,0.08001754871156219,0.10595142334452223
220,0.07333455937780897,-0.006250012613509881,-0.004061561668926572,0.146564192298694
221,-0.3345750057520931,-0.019332576180641325,0.015824786288307635,0.10705142762805764
222,0.1137086485782497,-0.021011917645243017,0.01986226375483824,-0.02042931587791763
223,0.15203306645448045,0.04993462158154571,0.06791975180863119,0.03819153529720509
224,0.15654907624413994,0.039374125570020624,0.06793756580598043,-0.08256541462506028
225,-1.3021523915355167,-0.6934075256388417,-0.6825033327232106,-0.8540714948679862
226,-0.4752622450704518,0.08158373020437892,0.07513093080356725,0.19913007527424753
227,-0.16717384390788936,-0.00972667572521857,0.0016881893688154292,0.20066492414624726
228,-0.08259101709703565,0.03923404059273139,0.05361014951268661,0.06121564177575589
229,0.053465215096311525,-0.022643204972998987,-0.02289376829033074,0.15557871841932425
230,0.09815900058968907,0.013603021630419931,0.01927962061014732,0.13008046349951385
231,-0.030802935945039245,0.041795673436880953,0.06403196079028639,-0.12037986518481425
232,-0.05126187952213357,0.04281790085632764,0.06605810444278415,-0.0969377070508699
233,-0.3605832604837964,0.05721765125649547,0.05947431561024352,0.22002074388342407
234,0.17821108705668998,-0.06479328926899974,-0.047815813287243714,0.09403729393487303
235,-0.21460015254676534,-0.07258078917546307,-0.033348235776694324,0.14481230013963575
236,-0.500812379238269,0.08082595111411806,0.07525152681265723,0.2029365726138579
237,-0.10248701967903173,-0.048323672518780114,-0.03327569674532249,0.18094656069901482
238,0.15881039367140737,0.04485518580815295,0.07115951918929397,-0.05355076875772191
239,0.025047736284662392,-0.008287421033649878,-0.035649908495759774,0.0006064856365028959
240,0.007762929828940557,-0.06142614849651551,-0.06653161274308772,0.1673702868964284
241,-0.1006202854992857,-0.04961183282657444,-0.03445288051543827,0.1802350647292279
242,0.1580692569617561,0.04275554330031639,0.07001306143603614,-0.06557993495965775
243,0.16594856881754083,0.05764919106591471,0.07366617122776464,0.16595138974476242
244,0.022869417295602545,-0.04847388769758254,-0.05206785599004249,0.16457698019888412
245,-0.19067855564877867,-0.0863602051119301,-0.04624070963946281,0.15084049283171197
246,0.1402016456530646,0.013711481467241882,0.0488108669431071,-0.09854991903323373
247,0.173133498664086,-0.08416881681813848,-0.06708939131009473,0.0800249806336426
248,0.1762363707411989,-0.07276149138201404,-0.05574127965833231,0.08831727235137343
249,-0.16797060825987487,-0.10064408910661626,-0.059654335538400716,0.15599162300273228
250,-0.15583098981356613,-0.10880447714845509,-0.06733715206432578,0.15849658725367632
251,0.11411798973388443,0.14517373604319772,0.11149355196214117,0.35379502736405044
252,-0.018449364163169335,-0.11938499135447067,-0.0988812555742058,0.1382348579037629
253,0.1779303139170434,-0.06596889294991115,-0.04898503649969932,0.09319734477422781
254,-0.05833727132621647,0.0483466727989148,0.0628307433865265,0.07600776632765527
255,0.46768670148122027,0.07195736639928185,0.047061150499466464,0.18816802409113365
256,-0.42953945429354334,0.081997231397267,0.07393915683742591,0.19120212920020663
257,0.12002203372461295,0.030152145272648312,0.03955720645138605,0.10778942150789561
258,-0.07957711012950064,-0.06492643216964744,-0.04848855913034811,0.17156608607773904
259,-0.6717361764213652,-0.2785731434607821,-0.2661317733685462,-0.3583715036441313
260,-0.36223916017672053,0.06722302026278015,0.07445152847751757,0.13675535598085986
261,-0.24637153588689742,0.06956289559389006,0.05457477550438483,0.1427573879421189
262,0.030765110162416676,-0.04175176096032729,-0.04452230594117168,0.16272133516244125
263,0.28732330065583156,-0.22346280216192582,-0.225147418148687,-0.22070215944108185
264,0.4045069611949508,-0.05297045182232907,-0.06353299922122702,0.007023295437569743
265,-0.11523313282943981,-0.139089831535264,-0.09595493049608628,0.16545232544267918
266,0.15001874712182328,0.07020883094822672,0.08602267084767679,0.1678245184748235
267,0.09432989717939932,0.010599343185489829,0.015696789323852656,0.13310994057161807
268,0.02196013867231983,-0.049250224425371414,-0.05293747033814,0.16477233582823025
269,0.18334968000561336,-0.038886068412267605,-0.022056680330009293,0.11215411927479835
270,-0.15695192198307062,-0.015117644747441261,-0.00315358075395622,0.19812774229754204
271,-0.33637221704593046,-0.018703816608063306,0.0163964732395101,0.10640561450739838
272,0.022903783062702132,-0.12892746554047108,-0.07604771036470837,0.10625338214716074
273,-0.1366977406069907,-0.12247286763550136,-0.08023386157669243,0.16206174018040187
274,-0.10267022237612977,-0.04819784194309129,-0.03316073672102071,0.18101590492678454
275,0.47682260786496045,0.1108319268564486,0.07903243520450332,0.25411735850583383
276,0.1593565050194421,0.048180329820212364,0.07253477710490053,-0.029913256023338164
277,-0.5252103742963818,0.07905889642806585,0.07475635160758642,0.20777855037983883
278,0.022583940239492506,0.03357974529774932,0.05293704363925045,-0.17258046762976775
279,0.10122033981290812,0.01598562738669429,0.02213845428829231,0.12750210401663686
280,0.17973027646246287,0.034907939323905346,0.051185341520520566,0.15691004636124006
281,0.05803445400604179,0.022114390379552873,0.03927908934330837,-0.12098412272383108
282,-0.09482574810771638,0.12793032188150022,0.11393408083602452,0.26962649471735034
283,0.09633810634759321,-0.04247941231617425,0.001269363076465524,0.014274991064917586
284,-0.28482304889524634,0.006775553755819175,0.03924674163285502,0.07317063990871375
285,0.15578872467584404,0.0508843029783872,0.07083822445716947,0.018631909040431438
286,0.042356383343752135,0.07718144814366745,0.09217789877615967,0.13179709513751714
287,0.15251423446730428,0.032100102801557284,0.06293628853678435,-0.11351509961660966
288,-0.15485597644320492,-0.1094766311807085,-0.06797055535855101,0.15868983297606398
289,0.08551863755108435,0.00835974133512174,0.023597155539809123,-0.07930782793708424
290,-0.029502225156168294,-0.09379755428103564,-0.10233667860986806,0.17076803182527733
291,0.18730289165040048,-0.11432641879720506,-0.15119437287081539,-0.15482550749069546
292,0.1574931305428926,0.04138673052195152,0.06920043071744253,-0.07274261184898734
293,0.03160459830978368,-0.011439039959348918,-0.0391454918368197,-0.004332466143818436
294,0.09820850487275834,0.013641687443094241,0.01932589114910499,0.1300399092980129
295,0.10462969088358065,0.018617638282606208,0.02531587971588678,0.12445241837949439
296,0.13891322294315422,0.043043072749682665,0.056658169706805595,0.07682353128658548
297,0.14891617730202888,0.048619517840307935,0.06534043970899539,0.05004595277276991
298,-0.04319504041043665,-0.09530647454632657,-0.07652017810406875,0.15338909179906324
299,-0.021365467893406986,-0.11638164306133447,-0.09608612986762566,0.14015622488313184
300,-0.0693599672904277,-0.07292466394551766,-0.05584604706668728,0.16689733393592476
301,-0.24563447171523833,-0.03453694064934254,-0.020797377057458988,-0.04604180180994888
302,0.1569896686221739,0.05088217411906015,0.07168022203332391,0.009836339663246818
303,-0.05637974803673984,-0.11744033620140826,-0.12824909071687784,0.17076845926883522
304,0.17055264932541192,-0.09291621192139221,-0.07579281669067583,0.07359068154673754
305,0.08222056755396334,0.010294278784931166,0.025776237365620958,-0.08440667022352422
306,0.18612233753013108,-0.001876234568236157,0.014709029947055363,0.13632145114462002
307,0.002496169986919483,0.0019774841796866838,-0.0242223395768697,0.01691290836444992
308,0.09310992036390076,0.009637204800558408,0.01455374066125259,0.1340323821487388
309,-0.19105056978429502,0.02930440893383235,0.05844604691905175,0.021342416849080337
310,-0.022019619633336873,-0.11571435817723774,-0.09546532782530548,0.14058197225178404
311,-0.20517501643062275,-0.0778627009311279,-0.038284154187442354,0.14725727491630813
312,0.1507668797974091,-0.08446886309606327,-0.11898454138489711,-0.1127448856655775
313,0.13597011926648417,-0.03625258780415219,-0.025457952948316098,0.0038593271859594935
314,-0.1713629905562648,-0.0075858108311734895,0.0036063898386764492,0.2016487640018667
315,0.1174321487743164,-0.016313928768349584,0.02387651042370109,-0.029092181356103808
316,-0.2112078929012462,-0.07446040843495005,-0.03510383048467247,0.1457024556484292
317,0.1769044420779533,0.04148970536488772,0.0577000279358062,0.1599629838005452
318,-0.37525119613934166,0.08080406221870007,0.070780321061509,0.17979482061139862
319,-0.0024487413252813894,-0.13674728492140886,-0.10248163874457639,0.12697077274871482
320,-0.3355274610330623,-0.08148611904139713,-0.06805276049996856,-0.10909937569138162
321,0.33586701984440026,-0.1588211844344407,-0.16074593832730955,-0.1327050215366654
322,-0.05219695688441828,0.05054833980005924,0.06506049438190153,0.0796868357600129
323,-0.06666901586561735,-0.12654503534098005,-0.13728830145624826,0.1703219512709353
324,0.012027862188961791,-0.1413955939047966,-0.08739867904654375,0.11561542257118518
325,0.02928751210880165,0.03184882486696505,0.05081193968192732,-0.16297421288915093
326,-0.26816165837701433,0.07238303408845326,0.05826683763709184,0.15010827931569537
327,-0.3228591313311533,-0.023539382058288538,0.011992572338597185,0.1112101853244365
328,0.17237940603146384,-0.08678420878868032,-0.0696915115368073,0.07810776950017484
329,0.057517422852258804,0.07969942876455427,0.09478602902282773,0.13905753778882968
330,0.18037985379241572,-0.05509108620761616,-0.03816732637727949,0.10091367485537894
331,-0.4709144891525838,0.08167592035846738,0.07507234935935969,0.19843881510864847
332,-0.26613537429176315,-0.04493831551443517,-0.03127076524241801,-0.060231549973182474
333,0.15624611719102788,0.0509117339169638,0.0711673345055619,0.015516685992416512
334,-0.2338272905027452,0.020053096307954377,0.05076153441823372,0.047081623442647214
335,0.09788992357496795,0.01339277963349872,0.019028097492398643,0.13030025551797664
336,-0.09336431718509086,0.042080138839144965,0.0672535084230379,-0.054503094426317844
337,0.47294886504729305,0.0891262621841804,0.06146611972567939,0.21617709047022515
338,-0.17831764891096125,-0.0019136285206089454,0.012073312468804609,-0.00040481486221288776
339,0.15935268128807678,0.04826092224155332,0.07255613960620089,-0.02921565321485886
340,-0.059468694436009883,-0.08104991442460197,-0.06333754849697648,0.16206521625171177
341,-0.17546452519951483,0.03218564706525928,0.06073352964309109,0.010963629236517392
342,0.13907507924063367,0.012146700565910606,0.04755355574165776,-0.09410650294092271
343,0.16341614090450207,-0.09432853797785157,-0.12964169148933635,-0.12674845916749078
344,-0.1798869881332621,-0.0929947604980228,-0.0524653035836522,0.1533613896840933
345,-0.030390811850754318,0.01545306754758613,-0.009104164261120928,0.03892384720519715
346,0.24921864707740937,-0.1761761105447377,-0.2174289843493753,-0.23946043733295141
347,0.008477031773736599,-0.1454536660390442,-0.0911008490756231,0.11851195428612193
348,0.08907981603418946,0.006442353242034571,0.010772840659813099,0.1369425190217406
349,-1.0740780740846678,-0.5390487389218892,-0.5276189273589802,-0.6720617173057262
350,0.18561159608416755,0.007632114695585557,0.024145939436198915,0.14207159935180513
351,-0.7994036583651805,-0.3591264454135241,-0.3470210166257597,-0.4565975232270314
352,-0.003922370852219359,0.00474244309901195,-0.021132015943805982,0.021368551019151028
353,-0.5913023352305364,-0.2291447717433197,-0.21648232133380851,-0.2973128561350258
354,-0.16601450950873087,-0.010326087105021031,0.001150643613359037,0.20038698341288175
355,0.08545388739695525,-0.04045770940433613,-0.07110011275076289,-0.04860713965685903
356,0.15803690285801153,0.05059165670395238,0.07232832739097006,-0.00023200625479802284
357,0.45021565534604946,0.15145349371442407,0.1040481509530018,0.3559453592910522
358,0.05805769595632704,-0.08814478828631778,-0.03921441071553389,0.069862150355668
359,0.06716152241900097,-0.011303595100265795,-0.009900600454532338,0.1496928713227419
360,-0.2384232163509159,-0.03092613296641833,-0.01716089686806299,-0.04108045178016351
361,0.08098115703725384,-0.06101027596908715,-0.015034548900768385,0.039260494611522034
362,-0.13950760775529147,0.015632277484441737,0.02977083952090176,0.025117353411174825
363,0.03747824643529185,0.07623800512450085,0.09120639995302682,0.12937773268008712
364,-0.21726138637061254,-0.07112281635953188,-0.03198717011005314,0.14410609680096087
365,-0.1587344464065472,0.007069878145713027,0.02113239883634499,0.01255468016998229
366,0.06380978479635502,0.01963542455041889,0.036414361379979,-0.11236812238762184
367,-0.09642974200896504,-0.05254395601546591,-0.037134456850795416,0.17860485128141512
368,-0.0962326991223943,0.04190788098812348,0.06720725314128728,-0.051861403483680846
369,0.0029565114650171864,-0.06556991391147271,-0.07114032331277009,0.16806995179036832
370,-1.1161325894422505,-0.5672229724060012,-0.5558921323204666,-0.705442500117945
371,-0.48082170328969376,0.08145010587689328,0.07518953982256349,0.19999534781101858
372,-0.12215658839399435,0.039731558018683444,0.06614076572550509,-0.0292523555244113
373,-0.0784930486833133,-0.06575681617290385,-0.04925160061917744,0.17108563213461814
374,-0.9148529462838924,-0.4337934074977232,-0.421978771582566,-0.5465620990850653
375,0.05481662139265531,-0.09194151491018054,-0.04262126850458259,0.07368376388739328
376,-0.08182661405582081,0.03333977049609871,0.011238584599979617,0.06957283414578086
377,-0.00016691695468828982,-0.06826817066452939,-0.07413689837353665,0.16847933884985444
378,0.1591109092667491,0.04598869112191828,0.07170856391305946,-0.046328816006262485
379,-0.19754636310434748,-0.08227665498677617,-0.04241479768029599,0.14917034594446044
380,-0.38377564293818267,0.08111887595273615,0.0714083033640236,0.18173694358578274
381,-0.1043237737030509,0.04134610132567129,0.06699735287093311,-0.044564846632617616
382,-0.026025251265568095,0.05939407018018095,0.07402976529109662,0.09503160885124995
383,-0.20493565449000606,-0.0779992839336785,-0.038411892828465355,0.14731820836597542
384,-0.21718647817642633,0.013454137889953088,0.022294350976174826,0.21046714417075307
385,0.0645169462719366,-0.013480113699845475,-0.012405527897948687,0.15093745590446161
386,-0.20007308290275638,0.02751172591987583,0.056991247896865715,0.027095518468874147
387,-0.22455210732394448,0.06632441787413512,0.05044851439931719,0.1349057457742795
388,0.11747401012754732,-0.015831743589682645,-0.003218336320618853,-0.0280298315738996
389,-0.11713186729270575,-0.13756145250124163,-0.09450717664753405,0.16518014481593113
390,0.10625709739139211,-0.006052703470603049,0.00754194350383397,-0.046472382860820005
391,0.04678263802699689,-0.028231502971237887,-0.029249858468185508,0.157988671130596
392,-0.08643358629924247,0.0377333777817217,0.05209278805409223,0.058836520496920564
393,-0.10344639317862914,-0.047665902715914754,-0.03267481155946683,0.18130874252717888
394,0.12154410110393421,0.08016486953754587,0.09570468462491011,0.16336505333415197
395,0.18388721574102362,-0.03527297186347944,-0.018465513652691,0.1146135606433516
396,0.2903484569195669,0.11654445252722212,0.061829104886264474,0.39668499235706633
397,-0.37153613402635344,0.08065149298629493,0.07049072446495686,0.17893021984612645
398,0.1699022906639449,0.1421867919836437,0.10247192931521454,0.37132590225721174
399,0.11396490777288193,-0.020689886132871038,0.020138146645228616,-0.021009064319700954
400,0.08256287091187886,0.0012267913288930288,0.004644173600924617,0.14123896318750795
401,-0.1617743902938571,0.005692137745570314,0.01974280631847858,0.010553440583859874
402,-0.030433756459755656,-0.09461326355386213,-0.10323365348649993,0.17079888323719317
403,0.0349769499170165,-0.11501185680694803,-0.06342483627597595,0.0949079508191879
404,0.009286248604254865,-0.06011503501954252,-0.06507160711159266,0.16713035985469205
405,0.13911392704695835,-0.04041897823386709,-0.029965983349669933,0.00951889837881481
406,-0.12689773136819937,0.046183010585771456,0.02613368822894202,0.093078116450247
407,-0.4634926560242967,0.08180809481192597,0.07494625651055031,0.19722896226509334
408,0.08944920862510308,0.005937353597827766,0.020877864133734825,-0.07319092198153321
409,0.47421081733284254,0.1338009786583214,0.0960633699629021,0.3003758141296373
410,0.17024281815692888,-0.0939303628367334,-0.07680194554907782,0.07284072378959028
411,0.09009393170722646,-0.05005576648329324,-0.005372277954379001,0.024963658320789506
412,0.15661259409402106,0.039503269078316805,0.06802066359463588,-0.08195660328538601
413,0.1585004631320306,-0.07306719826708363,-0.06504603246512364,0.04681290179248876
414,0.16727832599553683,-0.09415089797047749,-0.08613580942405452,0.06586745269950534
415,0.1589583689704881,0.04973833695944663,0.07272027198305153,-0.014057503403636318
416,0.18397542716900794,0.01958359230651574,0.03600053216662147,0.14892629632557952
417,-0.09980183515876817,0.038759198075574375,0.017486867558314856,0.07929922019015834
418,-0.30363325875015335,0.04323560872415477,0.04798737797415242,0.21900394646834798
419,0.008671127789924071,-0.0007468779358283939,-0.027261998121186792,0.012550180066337902
420,-0.1769548704854742,-0.0012803649942032536,0.012711777702785199,0.0005020926249059698
421,-0.3089653023957837,0.04471563825086733,0.04922778608149159,0.2192388377877812
422,-0.11897417734860483,-0.13608968353256756,-0.09311337365116046,0.16491074092617097
423,-0.04073841469703776,0.05453273060887476,0.06909817861881962,0.08647481068858731
424,0.10537457262251948,-0.031393291514765664,0.010917360132348009,-0.0027409442636248116
425,0.11506389958619856,-0.013589939194743827,-0.0007591260440324987,-0.032040872357866235
426,-0.321131394798428,0.07762343249733306,0.06556957876431113,0.16606517260996156
427,0.06065655790565394,-0.016668849012646092,-0.0160655232170015,0.15265793402134697
428,0.1409115860502439,0.01470419122223987,0.04960517383423735,-0.10143415549653056
429,0.25020790835823803,-0.17730261392535596,-0.21863044773234108,-0.24097645331716322
430,0.0053850219326294635,0.03723459855743272,0.05756649180343487,-0.16747076729036614
431,0.158844434839164,0.044969463170572155,0.07121749946588274,-0.052850032951678116
432,-0.15788115735987596,-0.10739938290761053,-0.06601334521669067,0.15808633309818987
433,-0.1947839022832607,-0.009656345236262354,0.004268393751875266,-0.011419765119836889
434,-0.4917218141267483,0.08113740840009598,0.07525194669680957,0.20163179478226922
435,0.042482934942094985,-0.03184426288581044,-0.03334460657750604,0.15939688241496697
436,-0.07192162595653784,-0.1312033096667946,-0.13238054503016272,0.1700077666573403
437,-0.29990456234828056,0.002436216915857159,0.035409437269700916,0.08004292907492783
438,-0.48352627297122197,0.07574773928430645,0.07302794723621986,0.2126918080432496
439,-0.307421544147223,-0.029377223300677713,0.006655250079351305,0.11655017003392842
440,0.4345304961178016,-0.0005621286159929184,-0.01632088851975766,0.07981125927480193
441,0.1348060514807523,0.07683690114464348,0.0924950084097258,0.1662600299225705
442,0.15029915860655496,0.07004848066388547,0.08586546335566858,0.16782949969553052
443,0.1637673378160347,-0.0850118997163527,-0.07779511188239852,0.05800304315962457
444,-0.1549387972051175,-0.016208009736820017,-0.004134777417593938,0.19760464568409475
445,-0.17960681346616347,0.031447290623984436,0.06015425495840354,0.013777961598567146
446,-0.1091510323723428,0.040959033772634434,0.0668177963488441,-0.04031767999043545
447,-0.1946586289504353,0.0036335116177301785,0.013611614362103452,0.2065593027103052
448,-0.1735316212531277,0.032523234087003416,0.06099655999575049,0.009636181566996527
449,-0.4411981262760065,-0.14039938463590573,-0.1272994234248479,-0.1855515291804437
450,-0.027841396658875084,-0.09234393570393529,-0.10073767284546875,0.17070712185568482
451,0.010279676316933717,0.036303233215523534,0.056362849136508686,-0.17448275824732917
452,0.12832383313674178,-0.02704360339783385,-0.015461242411688225,-0.009587605068713145
453,-0.28594662642839896,0.006458397984179243,0.03896727374597475,0.07369514775134789
454,0.08710942869732818,0.004871590394674996,0.008921684477762426,0.13829267181753835
455,0.15287027318368374,0.050224729869700724,0.06859372735297242,0.03448281859641433
456,-0.205004992077936,0.026494628318607383,0.05615710786755379,0.030164315638494088
457,0.05851752546056588,-0.018441382295828035,-0.01809520771305806,0.15356419836779445
458,-0.04518280758488302,0.020976975204561654,-0.002860478930589494,0.04818791583959836
459,0.15935830219059888,0.04778386067076745,0.07241774834177406,-0.03322071375468205
460,-0.03553330020486545,0.05628652521024957,0.0708765823910742,0.08952320920523693
461,0.36036727245952704,0.13054631249051596,0.06713755126282805,0.3978038784505209
462,0.1151331473464623,-0.019219441664741765,0.021396551460208357,-0.023682039535072974
463,-0.061067836034782275,-0.07970975448141715,-0.06210078139611852,0.16286811880496366
464,-0.0979806374232588,0.038228531807043,0.01687287645954072,0.07833557539230895
465,0.13165081736563522,0.0020955031510609956,0.03934552668957991,-0.06814075748231829
466,0.4762852465642311,0.10574426246865798,0.075001039095973,0.24488699057751973
467,0.12615344980094179,0.03453737957362968,0.045167635263288375,0.09941154994971413
468,-0.01766964350694966,0.040580344282814096,0.06214605300991494,-0.136570872433734
469,-0.1425542324066047,-0.118179884087116,-0.07617965136714488,0.16102232493194357
470,-0.07534541053028665,0.04282273758342203,0.06718870397866361,-0.07179180442301547
471,0.18609276238207872,-0.0102776753213778,0.0063672836522021825,0.13106033071339418
472,-0.3915128782937334,0.06325706885838045,0.06421331078359316,0.2193028120979772
473,-0.1820810923604057,-0.09162378189374643,-0.05117819598765294,0.1528593213820919
474,-0.20030175327838862,0.006184633232443559,0.015874495261577692,0.20761264700452386
475,-0.39832230002011304,-0.116079759434359,-0.10284748573501457,-0.15427139863668238
476,0.059580361940772875,0.07998949700047753,0.09508873847519617,0.1400126169827809
477,-0.2268840709189952,0.06669091500724633,0.05091061603239666,0.1357690299475891
478,-0.6692862345045532,-0.2770512371869702,-0.2646032498617781,-0.35650148748338983
479,-0.054005363049778765,-0.08570841247374084,-0.06764000117276758,0.1592568270077379
480,0.10716592514468104,0.02055972752585511,0.02767484607057824,0.12205181211098903
481,0.052322587246847796,0.024379058161448697,0.0419165381300477,-0.12944106877897354
482,0.17422230748486633,-0.08029335610564559,-0.06323380044298155,0.0828551570596412
483,0.18249723569870113,-0.044060508890655825,-0.027200303397756365,0.10860087687205588
484,-0.45421512915554274,0.08192811109161369,0.07474182885385972,0.1956630794195391
485,0.11733848900733257,0.02818960380695934,0.03708877880667316,0.1110968015101701
486,-0.46719645672634513,0.08174612415997728,0.07501331324716887,0.1978374530923901
487,-0.0273275550520502,-0.1103849825482186,-0.09051013014579823,0.14396701726761663
488,0.15921893282946087,0.049112620360782344,0.07271640699638127,-0.021161177487282856
489,0.15910698691928715,0.049437936052832754,0.07273492157388084,-0.017639850820794223
490,0.14574983085835314,0.04702328208034601,0.06264254831479121,0.05992589271786386
491,0.16751079650469247,0.05589462897305264,0.07193525905697662,0.16544096878376102
492,0.10601220796491617,-0.03060482097539463,0.011599998359185903,-0.004020519395870892
493,0.05000913153785813,0.02524613477640525,0.042932255991343204,-0.13284908671766082
494,0.1227407293406122,-0.021031637499673295,-0.008907384328446177,-0.019161086589518206
495,-0.40394408960774797,0.06540493462383168,0.06584834307610166,0.21878585535796446
496,-0.15127659369532065,0.01042267102518224,0.024514462291150174,0.017447297435131404
497,-0.13163057262392552,0.019061084970757314,0.03323136449435182,0.030214708904492404
498,0.01135481671873606,0.07024090163460883,0.08506578840912482,0.11583116360672019
499,-0.3495169246032237,-0.014235456475187647,0.020450473926661772,0.10162030410662481
500,0.15460048325922315,0.05069851419420601,0.06994907278141227,0.02577319768156272
